bodyId,predictedNt,predictedNtConfidence,consensusNt,status,statusLabel
10005,gaba,0.8350762128829956,gaba,Traced,Roughly traced
10013,glutamate,0.7212657928466797,glutamate,Traced,Roughly traced
10043,gaba,0.7735083103179932,gaba,Traced,Prelim Roughly traced
10044,acetylcholine,0.9461774826049805,acetylcholine,Traced,Roughly traced
10080,octopamine,0.8309217691421509,octopamine,Traced,Prelim Roughly traced
10099,glutamate,0.6413229703903198,glutamate,Traced,Roughly traced
10104,acetylcholine,0.9642187356948853,acetylcholine,Traced,Roughly traced
10109,gaba,0.8583959341049194,gaba,Traced,Roughly traced
10120,octopamine,0.7748159766197205,octopamine,Traced,Roughly traced
10122,acetylcholine,0.9443731904029846,acetylcholine,Traced,Roughly traced
10138,gaba,0.8113864660263062,gaba,Traced,Roughly traced
10144,unclear,0.4638556241989136,unclear,Traced,Roughly traced
10167,gaba,0.8562464714050293,gaba,Traced,Roughly traced
10168,octopamine,0.834577202796936,octopamine,Traced,Roughly traced
10175,octopamine,0.8158422112464905,octopamine,Traced,Roughly traced
10187,octopamine,0.784814178943634,octopamine,Traced,Roughly traced
10230,acetylcholine,0.9556047916412354,acetylcholine,Traced,Roughly traced
10233,acetylcholine,0.8208324313163757,acetylcholine,Traced,Roughly traced
10239,gaba,0.8664931058883667,gaba,Traced,Roughly traced
10267,acetylcholine,0.9042426943778992,acetylcholine,Traced,Roughly traced
10268,glutamate,0.8007317781448364,glutamate,Traced,Roughly traced
10299,gaba,0.73284912109375,gaba,Traced,Roughly traced
10324,acetylcholine,0.7620134949684143,acetylcholine,Traced,Roughly traced
10328,acetylcholine,0.8855127096176147,acetylcholine,Traced,Roughly traced
10337,gaba,0.8827530741691589,gaba,Traced,Roughly traced
10347,serotonin,0.6617106199264526,unclear,Traced,Roughly traced
10356,acetylcholine,0.9677512645721436,acetylcholine,Traced,Roughly traced
10363,acetylcholine,0.964565634727478,acetylcholine,Traced,Roughly traced
10368,acetylcholine,0.9111916422843933,acetylcholine,Traced,Roughly traced
10369,acetylcholine,0.923395574092865,acetylcholine,Traced,Roughly traced
10378,acetylcholine,0.794486403465271,acetylcholine,Traced,Roughly traced
10379,acetylcholine,0.9562710523605347,acetylcholine,Traced,Roughly traced
10384,acetylcholine,0.9481948614120483,acetylcholine,Traced,Roughly traced
10388,acetylcholine,0.9434858560562134,acetylcholine,Traced,Roughly traced
10406,acetylcholine,0.9502139687538147,acetylcholine,Traced,Roughly traced
10410,glutamate,0.6843122839927673,glutamate,Traced,Roughly traced
10433,acetylcholine,0.9590524435043335,acetylcholine,Traced,Roughly traced
10435,acetylcholine,0.9063248634338379,acetylcholine,Traced,Prelim Roughly traced
10457,gaba,0.7934264540672302,gaba,Traced,Roughly traced
10486,acetylcholine,0.9174394607543945,acetylcholine,Traced,Roughly traced
10491,unclear,0.4984689950942993,unclear,Traced,Roughly traced
10511,glutamate,0.7361047863960266,glutamate,Traced,Prelim Roughly traced
10514,glutamate,0.7405812740325928,glutamate,Traced,Roughly traced
10540,gaba,0.6773593425750732,gaba,Traced,Roughly traced
10543,acetylcholine,0.9574967622756958,acetylcholine,Traced,Roughly traced
10555,octopamine,0.8406657576560974,octopamine,Traced,Prelim Roughly traced
10564,acetylcholine,0.9586417078971863,acetylcholine,Traced,Roughly traced
10567,acetylcholine,0.950410008430481,acetylcholine,Traced,Roughly traced
10568,dopamine,0.7614812850952148,dopamine,Traced,Roughly traced
10588,gaba,0.8299246430397034,gaba,Traced,Roughly traced
10601,acetylcholine,0.9536421298980713,acetylcholine,Traced,Roughly traced
10618,acetylcholine,0.8507950305938721,acetylcholine,Traced,Roughly traced
10634,acetylcholine,0.9111328125,acetylcholine,Traced,Roughly traced
10635,gaba,0.8645237684249878,gaba,Traced,Roughly traced
10666,acetylcholine,0.9604260325431824,acetylcholine,Traced,Roughly traced
10669,glutamate,0.7975759506225586,glutamate,Traced,Roughly traced
10672,acetylcholine,0.9640478491783142,acetylcholine,Traced,Prelim Roughly traced
10704,gaba,0.6883258819580078,gaba,Traced,Roughly traced
10707,gaba,0.816511869430542,gaba,Traced,Roughly traced
10712,glutamate,0.7693976759910583,glutamate,Traced,Roughly traced
10720,acetylcholine,0.925511360168457,acetylcholine,Traced,Prelim Roughly traced
10724,unclear,0.42950132489204407,unclear,Traced,Prelim Roughly traced
10737,unclear,0.4841229319572449,unclear,Traced,Roughly traced
10744,gaba,0.7417944669723511,gaba,Traced,Roughly traced
10765,acetylcholine,0.9544461369514465,acetylcholine,Traced,Roughly traced
10774,acetylcholine,0.952846109867096,acetylcholine,Traced,Roughly traced
10777,gaba,0.8669506311416626,gaba,Traced,Roughly traced
10798,gaba,0.7908254861831665,gaba,Traced,Roughly traced
10804,gaba,0.8264175653457642,gaba,Traced,Roughly traced
10811,glutamate,0.8091991543769836,glutamate,Traced,Roughly traced
10826,acetylcholine,0.9339748620986938,acetylcholine,Traced,Roughly traced
10850,acetylcholine,0.9511478543281555,acetylcholine,Traced,Roughly traced
10937,acetylcholine,0.9235773086547852,acetylcholine,Traced,Roughly traced
10941,gaba,0.7458382844924927,gaba,Traced,Roughly traced
10977,gaba,0.7004443407058716,gaba,Traced,Roughly traced
10983,acetylcholine,0.9699634909629822,acetylcholine,Traced,Roughly traced
10987,acetylcholine,0.9545718431472778,acetylcholine,Traced,Roughly traced
11001,glutamate,0.6861545443534851,glutamate,Traced,Roughly traced
11022,acetylcholine,0.9135261178016663,acetylcholine,Traced,Roughly traced
11023,glutamate,0.7101020216941833,glutamate,Traced,Roughly traced
11032,unclear,0.4804168939590454,gaba,Traced,Roughly traced
11038,acetylcholine,0.8398638367652893,acetylcholine,Traced,Roughly traced
11115,acetylcholine,0.9464319348335266,acetylcholine,Traced,Roughly traced
11116,acetylcholine,0.9487267732620239,acetylcholine,Traced,Roughly traced
11141,acetylcholine,0.9572453498840332,acetylcholine,Traced,Prelim Roughly traced
11170,acetylcholine,0.9436060190200806,acetylcholine,Traced,Roughly traced
11174,gaba,0.8205392956733704,gaba,Traced,Roughly traced
11176,acetylcholine,0.9073587656021118,acetylcholine,Traced,Roughly traced
11192,gaba,0.8378580212593079,gaba,Traced,Roughly traced
11195,acetylcholine,0.9317843317985535,acetylcholine,Traced,Roughly traced
11196,glutamate,0.8601013422012329,glutamate,Traced,Roughly traced
11236,acetylcholine,0.8639099597930908,acetylcholine,Traced,Roughly traced
11286,acetylcholine,0.9565761089324951,acetylcholine,Traced,Roughly traced
11318,glutamate,0.7374069690704346,glutamate,Traced,Roughly traced
11324,acetylcholine,0.9632806181907654,acetylcholine,Traced,Roughly traced
11327,dopamine,0.8404837250709534,dopamine,Traced,Roughly traced
11329,acetylcholine,0.8133083581924438,acetylcholine,Traced,Roughly traced
11340,acetylcholine,0.8161904811859131,acetylcholine,Traced,Roughly traced
11341,gaba,0.7647100687026978,gaba,Traced,Roughly traced
11343,acetylcholine,0.9315745234489441,acetylcholine,Traced,Roughly traced
11363,gaba,0.8584566116333008,gaba,Traced,Roughly traced
11383,glutamate,0.5529785752296448,glutamate,Traced,Roughly traced
11402,gaba,0.6969171762466431,gaba,Traced,Roughly traced
11406,glutamate,0.6207839846611023,glutamate,Traced,Roughly traced
11433,acetylcholine,0.7281224727630615,acetylcholine,Traced,Roughly traced
11452,glutamate,0.7076975703239441,glutamate,Traced,Roughly traced
11455,gaba,0.7137578129768372,gaba,Traced,Roughly traced
11526,acetylcholine,0.9288724660873413,acetylcholine,Traced,Roughly traced
11560,dopamine,0.5037215352058411,dopamine,Traced,Roughly traced
11584,glutamate,0.7126583456993103,glutamate,Traced,Roughly traced
11605,gaba,0.7638171315193176,gaba,Traced,Prelim Roughly traced
11606,gaba,0.816651463508606,gaba,Traced,Roughly traced
11607,glutamate,0.7546565532684326,glutamate,Traced,Roughly traced
11618,dopamine,0.6580363512039185,dopamine,Traced,Roughly traced
11648,glutamate,0.7356852293014526,glutamate,Traced,Roughly traced
11659,acetylcholine,0.966543436050415,acetylcholine,Traced,Roughly traced
11682,gaba,0.7457767724990845,gaba,Traced,Roughly traced
11691,acetylcholine,0.9641318321228027,acetylcholine,Traced,Roughly traced
11713,acetylcholine,0.9174027442932129,acetylcholine,Traced,Roughly traced
11723,gaba,0.841434121131897,gaba,Traced,Roughly traced
11731,glutamate,0.642845630645752,glutamate,Traced,Roughly traced
11734,dopamine,0.8702168464660645,dopamine,Traced,Roughly traced
11740,serotonin,0.7221890687942505,serotonin,Traced,Roughly traced
11741,gaba,0.8423080444335938,gaba,Traced,Roughly traced
11752,dopamine,0.8963716626167297,dopamine,Traced,Roughly traced
11764,gaba,0.8703427314758301,gaba,Traced,Roughly traced
11777,acetylcholine,0.9317857027053833,acetylcholine,Traced,Roughly traced
11805,gaba,0.6347989439964294,gaba,Traced,Roughly traced
11834,acetylcholine,0.9474374651908875,acetylcholine,Traced,Roughly traced
11854,acetylcholine,0.9624545574188232,acetylcholine,Traced,Roughly traced
11886,acetylcholine,0.7848256230354309,acetylcholine,Traced,Roughly traced
11900,dopamine,0.8433398008346558,dopamine,Traced,Roughly traced
11920,acetylcholine,0.930026113986969,acetylcholine,Traced,Roughly traced
11933,gaba,0.8934550285339355,gaba,Traced,Roughly traced
11945,gaba,0.7393239736557007,gaba,Traced,Roughly traced
11958,acetylcholine,0.9467320442199707,acetylcholine,Traced,Roughly traced
11962,acetylcholine,0.9271805882453918,acetylcholine,Traced,Roughly traced
11964,dopamine,0.5228243470191956,dopamine,Traced,Roughly traced
11990,acetylcholine,0.9470651745796204,acetylcholine,Traced,Roughly traced
11994,glutamate,0.6540691256523132,glutamate,Traced,Roughly traced
12003,gaba,0.7231565713882446,gaba,Traced,Roughly traced
12008,glutamate,0.7200983762741089,glutamate,Traced,Roughly traced
12037,gaba,0.7274087071418762,gaba,Traced,Roughly traced
12051,acetylcholine,0.9571442604064941,acetylcholine,Traced,Roughly traced
12058,glutamate,0.812482476234436,glutamate,Traced,Roughly traced
12059,gaba,0.7695024013519287,gaba,Traced,Prelim Roughly traced
12074,glutamate,0.6499910950660706,glutamate,Traced,Roughly traced
12079,acetylcholine,0.894875168800354,acetylcholine,Traced,Roughly traced
12084,glutamate,0.6683940291404724,glutamate,Traced,Roughly traced
12106,acetylcholine,0.9459109306335449,acetylcholine,Traced,Roughly traced
12109,octopamine,0.8209855556488037,octopamine,Traced,Roughly traced
12120,acetylcholine,0.9531269073486328,acetylcholine,Traced,Roughly traced
12250,acetylcholine,0.9437109231948853,acetylcholine,Traced,Prelim Roughly traced
12271,serotonin,0.5925445556640625,unclear,Traced,Prelim Roughly traced
12281,unclear,0.478037029504776,unclear,Traced,Roughly traced
12285,acetylcholine,0.9608944058418274,acetylcholine,Traced,Roughly traced
12310,acetylcholine,0.9394861459732056,acetylcholine,Traced,Prelim Roughly traced
12311,glutamate,0.6483540534973145,glutamate,Traced,Prelim Roughly traced
12313,acetylcholine,0.9123752117156982,acetylcholine,Traced,Roughly traced
12315,acetylcholine,0.9276930093765259,acetylcholine,Traced,Roughly traced
12321,acetylcholine,0.9421074390411377,acetylcholine,Traced,Roughly traced
12326,acetylcholine,0.9323750138282776,acetylcholine,Traced,Roughly traced
12327,gaba,0.8288202881813049,gaba,Traced,Roughly traced
12333,dopamine,0.7244850397109985,dopamine,Traced,Roughly traced
12357,gaba,0.8943936228752136,gaba,Traced,Roughly traced
12418,acetylcholine,0.9373827576637268,acetylcholine,Traced,Roughly traced
12429,acetylcholine,0.9561023712158203,acetylcholine,Traced,Roughly traced
12430,gaba,0.7538908123970032,gaba,Traced,Roughly traced
12489,gaba,0.7930611371994019,gaba,Traced,Roughly traced
12529,glutamate,0.7227293252944946,glutamate,Traced,Roughly traced
12542,serotonin,0.7315397262573242,serotonin,Traced,Roughly traced
12569,dopamine,0.8701401948928833,dopamine,Traced,Roughly traced
12572,gaba,0.7015949487686157,gaba,Traced,Roughly traced
12585,acetylcholine,0.921288788318634,acetylcholine,Traced,Roughly traced
12636,gaba,0.8523484468460083,gaba,Traced,Roughly traced
12654,serotonin,0.696196973323822,unclear,Traced,Roughly traced
12656,acetylcholine,0.7592818140983582,acetylcholine,Traced,Roughly traced
12663,glutamate,0.8226670026779175,glutamate,Traced,Prelim Roughly traced
12668,glutamate,0.7782488465309143,glutamate,Traced,Prelim Roughly traced
12676,acetylcholine,0.9307678937911987,acetylcholine,Traced,Roughly traced
12688,octopamine,0.8599101305007935,octopamine,Traced,Roughly traced
12690,glutamate,0.62373948097229,glutamate,Traced,Roughly traced
12702,acetylcholine,0.9451096653938293,acetylcholine,Traced,Roughly traced
12706,serotonin,0.7512667179107666,serotonin,Traced,Roughly traced
12721,acetylcholine,0.8761261701583862,acetylcholine,Traced,Roughly traced
12732,gaba,0.8169423341751099,gaba,Traced,Roughly traced
12751,acetylcholine,0.9388992190361023,acetylcholine,Traced,Roughly traced
12755,acetylcholine,0.965039074420929,acetylcholine,Traced,Roughly traced
12761,gaba,0.7626927495002747,gaba,Traced,Roughly traced
12763,glutamate,0.6738207936286926,glutamate,Traced,Roughly traced
12792,acetylcholine,0.952995777130127,acetylcholine,Traced,Roughly traced
12802,glutamate,0.819017767906189,glutamate,Traced,Roughly traced
12832,acetylcholine,0.9241930246353149,acetylcholine,Traced,Roughly traced
12855,glutamate,0.6025018692016602,glutamate,Traced,Roughly traced
12859,glutamate,0.6685532927513123,glutamate,Traced,Roughly traced
12866,acetylcholine,0.9576290845870972,acetylcholine,Traced,Roughly traced
12873,acetylcholine,0.9643151760101318,acetylcholine,Traced,Roughly traced
12902,dopamine,0.6455005407333374,dopamine,Traced,Roughly traced
12910,glutamate,0.7909179925918579,glutamate,Traced,Roughly traced
12918,acetylcholine,0.9208848476409912,acetylcholine,Traced,Roughly traced
12919,glutamate,0.5931220650672913,glutamate,Traced,Roughly traced
12920,serotonin,0.5553277730941772,unclear,Traced,Roughly traced
12938,acetylcholine,0.9600542187690735,acetylcholine,Traced,Roughly traced
12952,acetylcholine,0.9646914005279541,acetylcholine,Traced,Roughly traced
13018,acetylcholine,0.9650206565856934,acetylcholine,Traced,Roughly traced
13066,acetylcholine,0.9565221667289734,acetylcholine,Traced,Roughly traced
13089,acetylcholine,0.9492738842964172,acetylcholine,Traced,Roughly traced
13094,gaba,0.8230889439582825,gaba,Traced,Prelim Roughly traced
13101,acetylcholine,0.9359423518180847,acetylcholine,Traced,Roughly traced
13121,acetylcholine,0.8285869359970093,acetylcholine,Traced,Roughly traced
13153,gaba,0.6649003624916077,gaba,Traced,Roughly traced
13173,dopamine,0.7365203499794006,acetylcholine,Traced,Roughly traced
13184,gaba,0.8362401723861694,gaba,Traced,Roughly traced
13240,acetylcholine,0.9662009477615356,acetylcholine,Traced,Roughly traced
13249,acetylcholine,0.9572255611419678,acetylcholine,Traced,Prelim Roughly traced
13307,serotonin,0.6577870845794678,unclear,Traced,Roughly traced
13318,acetylcholine,0.9029729962348938,acetylcholine,Traced,Roughly traced
13337,acetylcholine,0.9314589500427246,acetylcholine,Traced,Prelim Roughly traced
13355,unclear,0.3786834478378296,unclear,Traced,Roughly traced
13360,gaba,0.7762435078620911,gaba,Traced,Roughly traced
13365,acetylcholine,0.9336994290351868,acetylcholine,Traced,Roughly traced
13369,acetylcholine,0.8273166418075562,acetylcholine,Traced,Roughly traced
13389,gaba,0.751812219619751,gaba,Traced,Roughly traced
13395,gaba,0.8941261768341064,gaba,Traced,Prelim Roughly traced
13427,glutamate,0.8230770230293274,glutamate,Traced,Roughly traced
13428,dopamine,0.6730604767799377,dopamine,Traced,Roughly traced
13449,acetylcholine,0.9118829965591431,acetylcholine,Traced,Roughly traced
13450,gaba,0.7961783409118652,gaba,Traced,Roughly traced
13481,acetylcholine,0.6823112368583679,acetylcholine,Traced,Roughly traced
13495,acetylcholine,0.9604717493057251,acetylcholine,Traced,Roughly traced
13523,glutamate,0.8072713017463684,glutamate,Traced,Roughly traced
13526,acetylcholine,0.8515922427177429,acetylcholine,Traced,Roughly traced
13544,gaba,0.7822847962379456,gaba,Traced,Roughly traced
13572,acetylcholine,0.8455080389976501,acetylcholine,Traced,Roughly traced
13576,acetylcholine,0.940387487411499,acetylcholine,Traced,Roughly traced
13596,acetylcholine,0.9420889616012573,acetylcholine,Traced,Roughly traced
13607,acetylcholine,0.9590311646461487,acetylcholine,Traced,Roughly traced
13613,acetylcholine,0.9671998620033264,acetylcholine,Traced,Roughly traced
13614,acetylcholine,0.9409241676330566,acetylcholine,Traced,Roughly traced
13631,acetylcholine,0.8638162016868591,acetylcholine,Traced,Prelim Roughly traced
13664,acetylcholine,0.9636880159378052,acetylcholine,Traced,Roughly traced
13686,acetylcholine,0.9188932180404663,acetylcholine,Traced,Roughly traced
13698,unclear,0.4608924686908722,unclear,Traced,Roughly traced
13710,acetylcholine,0.9333237409591675,acetylcholine,Traced,Roughly traced
13724,gaba,0.8014326691627502,gaba,Traced,Roughly traced
13737,acetylcholine,0.9273616075515747,acetylcholine,Traced,Roughly traced
13738,gaba,0.6012080311775208,gaba,Traced,Roughly traced
13750,acetylcholine,0.955388605594635,acetylcholine,Traced,Roughly traced
13798,acetylcholine,0.9647986888885498,acetylcholine,Traced,Roughly traced
13831,acetylcholine,0.6077194809913635,acetylcholine,Traced,Roughly traced
13832,gaba,0.7548553943634033,gaba,Traced,Roughly traced
13851,acetylcholine,0.9358712434768677,acetylcholine,Traced,Roughly traced
13870,glutamate,0.7461198568344116,glutamate,Traced,Roughly traced
13877,acetylcholine,0.9229394197463989,acetylcholine,Traced,Roughly traced
13880,glutamate,0.7810701131820679,glutamate,Traced,Roughly traced
13892,acetylcholine,0.6624769568443298,acetylcholine,Traced,Roughly traced
13893,unclear,0.4960480034351349,gaba,Traced,Prelim Roughly traced
13932,unclear,0.46586138010025024,unclear,Traced,Roughly traced
13942,acetylcholine,0.9409478902816772,acetylcholine,Traced,Roughly traced
13966,acetylcholine,0.9606056809425354,acetylcholine,Traced,Roughly traced
13975,acetylcholine,0.9658286571502686,acetylcholine,Traced,Roughly traced
13983,acetylcholine,0.9606825113296509,acetylcholine,Traced,Roughly traced
14039,glutamate,0.7673175930976868,glutamate,Traced,Roughly traced
14061,dopamine,0.5217083096504211,unclear,Traced,Roughly traced
14064,acetylcholine,0.8568926453590393,acetylcholine,Traced,Prelim Roughly traced
14065,acetylcholine,0.9457839727401733,acetylcholine,Traced,Roughly traced
14071,glutamate,0.8332186341285706,glutamate,Traced,Roughly traced
14103,glutamate,0.7953647971153259,glutamate,Traced,Roughly traced
14120,glutamate,0.8015424013137817,glutamate,Traced,Roughly traced
14122,acetylcholine,0.94073086977005,acetylcholine,Traced,Roughly traced
14133,gaba,0.7844908833503723,gaba,Traced,Roughly traced
14139,acetylcholine,0.9407750964164734,acetylcholine,Traced,Roughly traced
14153,acetylcholine,0.9562298655509949,acetylcholine,Traced,Roughly traced
14182,dopamine,0.8398758172988892,dopamine,Traced,Roughly traced
14190,glutamate,0.8183695077896118,glutamate,Traced,Roughly traced
14219,acetylcholine,0.9421451687812805,acetylcholine,Traced,Roughly traced
14221,acetylcholine,0.9671270847320557,acetylcholine,Traced,Roughly traced
14225,dopamine,0.8744763731956482,dopamine,Traced,Roughly traced
14230,glutamate,0.7808203101158142,glutamate,Traced,Roughly traced
14268,acetylcholine,0.9423421025276184,acetylcholine,Traced,Roughly traced
14275,acetylcholine,0.9362674355506897,acetylcholine,Traced,Roughly traced
14284,gaba,0.7866144180297852,gaba,Traced,Prelim Roughly traced
14295,acetylcholine,0.9312967658042908,acetylcholine,Traced,Roughly traced
14338,acetylcholine,0.9657709002494812,acetylcholine,Traced,Roughly traced
14407,acetylcholine,0.956126868724823,acetylcholine,Traced,Roughly traced
14420,glutamate,0.579017162322998,glutamate,Traced,Roughly traced
14429,acetylcholine,0.9443557262420654,acetylcholine,Traced,Roughly traced
14434,serotonin,0.5288777947425842,serotonin,Traced,Roughly traced
14497,glutamate,0.7708321809768677,glutamate,Traced,Roughly traced
14508,acetylcholine,0.9521564841270447,acetylcholine,Traced,Roughly traced
14514,acetylcholine,0.9449319839477539,acetylcholine,Traced,Roughly traced
14540,unclear,0.33643510937690735,unclear,Traced,Roughly traced
14552,octopamine,0.7409460544586182,octopamine,Traced,Roughly traced
14605,serotonin,0.5573992133140564,unclear,Traced,Prelim Roughly traced
14608,gaba,0.7387044429779053,gaba,Traced,Roughly traced
14609,acetylcholine,0.9589431881904602,acetylcholine,Traced,Roughly traced
14619,glutamate,0.7444482445716858,glutamate,Traced,Roughly traced
14652,acetylcholine,0.9038230776786804,acetylcholine,Traced,Roughly traced
14657,acetylcholine,0.9156165719032288,acetylcholine,Traced,Roughly traced
14662,acetylcholine,0.9224333763122559,acetylcholine,Traced,Roughly traced
14667,acetylcholine,0.8459267616271973,acetylcholine,Traced,Prelim Roughly traced
14672,glutamate,0.7893892526626587,glutamate,Traced,Roughly traced
14674,acetylcholine,0.8416951894760132,acetylcholine,Traced,Roughly traced
14687,acetylcholine,0.9481409788131714,acetylcholine,Traced,Roughly traced
14705,dopamine,0.6039053797721863,dopamine,Traced,Roughly traced
14725,acetylcholine,0.9140016436576843,acetylcholine,Traced,Roughly traced
14728,acetylcholine,0.8566830158233643,acetylcholine,Traced,Prelim Roughly traced
14799,gaba,0.6771787405014038,gaba,Traced,Roughly traced
14840,gaba,0.7230398058891296,gaba,Traced,Roughly traced
14871,octopamine,0.7415754199028015,octopamine,Traced,Roughly traced
14894,acetylcholine,0.93209308385849,acetylcholine,Traced,Roughly traced
14896,acetylcholine,0.8964396715164185,acetylcholine,Traced,Roughly traced
14928,glutamate,0.7908214926719666,glutamate,Traced,Roughly traced
14937,acetylcholine,0.9516700506210327,acetylcholine,Traced,Roughly traced
14954,serotonin,0.6123648285865784,unclear,Traced,Prelim Roughly traced
14956,gaba,0.8504728078842163,gaba,Traced,Roughly traced
14963,gaba,0.7833661437034607,gaba,Traced,Prelim Roughly traced
15026,acetylcholine,0.9465097188949585,acetylcholine,Traced,Roughly traced
15035,acetylcholine,0.9274102449417114,acetylcholine,Traced,Roughly traced
15090,glutamate,0.8028197884559631,glutamate,Traced,Roughly traced
15106,glutamate,0.8262311816215515,glutamate,Traced,Roughly traced
15108,gaba,0.5376641154289246,gaba,Traced,Roughly traced
15117,serotonin,0.6467916965484619,unclear,Traced,Roughly traced
15118,glutamate,0.7396804690361023,glutamate,Traced,Roughly traced
15149,acetylcholine,0.9068345427513123,acetylcholine,Traced,Roughly traced
15232,acetylcholine,0.9348042607307434,acetylcholine,Traced,Roughly traced
15244,acetylcholine,0.9071188569068909,acetylcholine,Traced,Roughly traced
15310,dopamine,0.6803938150405884,dopamine,Traced,Roughly traced
15384,acetylcholine,0.9395326375961304,acetylcholine,Traced,Roughly traced
15401,acetylcholine,0.8977929353713989,acetylcholine,Traced,Prelim Roughly traced
15441,acetylcholine,0.9475216269493103,acetylcholine,Traced,Prelim Roughly traced
15449,glutamate,0.8114832043647766,glutamate,Traced,Roughly traced
15475,acetylcholine,0.8836111426353455,acetylcholine,Traced,Roughly traced
15486,acetylcholine,0.959423840045929,acetylcholine,Traced,Roughly traced
15506,glutamate,0.8096458911895752,glutamate,Traced,Roughly traced
15514,serotonin,0.5913631319999695,unclear,Traced,Roughly traced
15535,serotonin,0.6722924709320068,unclear,Traced,Roughly traced
15578,acetylcholine,0.9444079399108887,acetylcholine,Traced,Roughly traced
15678,acetylcholine,0.8836004734039307,acetylcholine,Traced,Prelim Roughly traced
15689,acetylcholine,0.9550076127052307,acetylcholine,Traced,Roughly traced
15699,acetylcholine,0.9474312663078308,acetylcholine,Traced,Roughly traced
15708,acetylcholine,0.9198623895645142,acetylcholine,Traced,Roughly traced
15712,glutamate,0.8516040444374084,glutamate,Traced,Roughly traced
15746,acetylcholine,0.9689143896102905,acetylcholine,Traced,Roughly traced
15782,serotonin,0.689345121383667,unclear,Traced,Roughly traced
15807,acetylcholine,0.9492363929748535,acetylcholine,Traced,Roughly traced
15809,acetylcholine,0.9608685374259949,acetylcholine,Traced,Roughly traced
15833,acetylcholine,0.9528041481971741,acetylcholine,Traced,Roughly traced
15871,acetylcholine,0.9646492004394531,acetylcholine,Traced,Roughly traced
15888,dopamine,0.7144319415092468,dopamine,Traced,Roughly traced
15962,acetylcholine,0.9530091881752014,acetylcholine,Traced,Roughly traced
15980,acetylcholine,0.9376659393310547,acetylcholine,Traced,Roughly traced
15990,acetylcholine,0.9418172240257263,acetylcholine,Traced,Roughly traced
16058,glutamate,0.7481052875518799,glutamate,Traced,Roughly traced
16062,acetylcholine,0.8517079949378967,acetylcholine,Traced,Roughly traced
16065,acetylcholine,0.8535342216491699,acetylcholine,Traced,Roughly traced
16071,acetylcholine,0.8276954889297485,acetylcholine,Traced,Roughly traced
16135,acetylcholine,0.9533057808876038,acetylcholine,Traced,Roughly traced
16160,acetylcholine,0.7902746200561523,acetylcholine,Traced,Roughly traced
16201,acetylcholine,0.9203059673309326,acetylcholine,Traced,Roughly traced
16303,serotonin,0.5358896255493164,unclear,Traced,Roughly traced
16311,acetylcholine,0.9075651168823242,acetylcholine,Traced,Roughly traced
16317,glutamate,0.8141682744026184,glutamate,Traced,Roughly traced
16322,acetylcholine,0.8915639519691467,acetylcholine,Traced,Roughly traced
16334,acetylcholine,0.9370656609535217,acetylcholine,Traced,Roughly traced
16335,acetylcholine,0.9357736706733704,acetylcholine,Traced,Roughly traced
16343,gaba,0.8195285797119141,gaba,Traced,Prelim Roughly traced
16376,acetylcholine,0.8590515851974487,acetylcholine,Traced,Roughly traced
16400,glutamate,0.776141345500946,glutamate,Traced,Prelim Roughly traced
16417,acetylcholine,0.80047208070755,acetylcholine,Traced,Roughly traced
16441,acetylcholine,0.909953773021698,acetylcholine,Traced,Prelim Roughly traced
16473,gaba,0.825309693813324,gaba,Traced,Roughly traced
16495,acetylcholine,0.9029409289360046,acetylcholine,Traced,Roughly traced
16508,acetylcholine,0.9586783647537231,acetylcholine,Traced,Prelim Roughly traced
16548,gaba,0.598114013671875,gaba,Traced,Roughly traced
16550,acetylcholine,0.9651018977165222,acetylcholine,Traced,Roughly traced
16564,acetylcholine,0.9416353106498718,acetylcholine,Traced,Roughly traced
16577,acetylcholine,0.9475622773170471,acetylcholine,Traced,Roughly traced
16580,acetylcholine,0.9480879306793213,acetylcholine,Traced,Prelim Roughly traced
16589,acetylcholine,0.9404434561729431,acetylcholine,Traced,Roughly traced
16617,glutamate,0.7207997441291809,glutamate,Traced,Roughly traced
16636,glutamate,0.79555743932724,glutamate,Traced,Roughly traced
16707,acetylcholine,0.9551810622215271,acetylcholine,Traced,Roughly traced
16710,acetylcholine,0.9510095715522766,acetylcholine,Traced,Roughly traced
16719,acetylcholine,0.9685940146446228,acetylcholine,Traced,Roughly traced
16736,acetylcholine,0.9594380855560303,acetylcholine,Traced,Roughly traced
16767,acetylcholine,0.9658238291740417,acetylcholine,Traced,Roughly traced
16789,acetylcholine,0.9020357131958008,acetylcholine,Traced,Roughly traced
16804,acetylcholine,0.9301499724388123,acetylcholine,Traced,Roughly traced
16853,acetylcholine,0.9457828998565674,acetylcholine,Traced,Prelim Roughly traced
16857,glutamate,0.7809500098228455,glutamate,Traced,Roughly traced
16885,unclear,0.48795685172080994,acetylcholine,Traced,Prelim Roughly traced
16908,glutamate,0.573970377445221,glutamate,Traced,Roughly traced
16956,gaba,0.8656352162361145,gaba,Traced,Roughly traced
16960,acetylcholine,0.9374605417251587,acetylcholine,Traced,Roughly traced
16969,gaba,0.6469333171844482,gaba,Traced,Roughly traced
16978,glutamate,0.8278017640113831,glutamate,Traced,Roughly traced
16998,gaba,0.618198573589325,gaba,Traced,Prelim Roughly traced
17016,unclear,0.39672812819480896,gaba,Traced,Roughly traced
17021,glutamate,0.7487756609916687,glutamate,Traced,Roughly traced
17069,acetylcholine,0.9633049964904785,acetylcholine,Traced,Roughly traced
17113,acetylcholine,0.9353450536727905,acetylcholine,Traced,Roughly traced
17114,unclear,0.33123984932899475,unclear,Traced,Roughly traced
17128,acetylcholine,0.9439917206764221,acetylcholine,Traced,Roughly traced
17144,glutamate,0.764199435710907,glutamate,Traced,Roughly traced
17155,serotonin,0.7023492455482483,serotonin,Traced,Roughly traced
17171,gaba,0.7548250555992126,gaba,Traced,Prelim Roughly traced
17192,acetylcholine,0.9530026912689209,acetylcholine,Traced,Roughly traced
17194,unclear,0.40739837288856506,unclear,Traced,Roughly traced
17208,acetylcholine,0.7523695230484009,acetylcholine,Traced,Roughly traced
17232,acetylcholine,0.9546995162963867,acetylcholine,Traced,Roughly traced
17241,acetylcholine,0.8756898641586304,acetylcholine,Traced,Roughly traced
17244,acetylcholine,0.941938042640686,acetylcholine,Traced,Roughly traced
17334,acetylcholine,0.9250271320343018,acetylcholine,Traced,Roughly traced
17341,glutamate,0.8565224409103394,glutamate,Traced,Roughly traced
17349,acetylcholine,0.9490399360656738,acetylcholine,Traced,Roughly traced
17384,acetylcholine,0.9440005421638489,acetylcholine,Traced,Prelim Roughly traced
17387,acetylcholine,0.9633179903030396,acetylcholine,Traced,Roughly traced
17419,gaba,0.6300148367881775,gaba,Traced,Roughly traced
17434,acetylcholine,0.9357666969299316,acetylcholine,Traced,Roughly traced
17488,dopamine,0.7094418406486511,acetylcholine,Traced,Roughly traced
17530,acetylcholine,0.9446628093719482,acetylcholine,Traced,Roughly traced
17591,gaba,0.8597873449325562,gaba,Traced,Prelim Roughly traced
17600,glutamate,0.7560933828353882,glutamate,Traced,Prelim Roughly traced
17639,glutamate,0.6980932950973511,glutamate,Traced,Prelim Roughly traced
17679,gaba,0.8863562345504761,gaba,Traced,Roughly traced
17706,acetylcholine,0.8513723611831665,acetylcholine,Traced,Roughly traced
17720,glutamate,0.6277677416801453,glutamate,Traced,Roughly traced
17751,glutamate,0.8304548859596252,glutamate,Traced,Roughly traced
17759,glutamate,0.7577831745147705,glutamate,Traced,Roughly traced
17805,acetylcholine,0.9426873326301575,acetylcholine,Traced,Roughly traced
17850,acetylcholine,0.9670490622520447,acetylcholine,Traced,Roughly traced
17900,acetylcholine,0.9592853784561157,acetylcholine,Traced,Prelim Roughly traced
17910,glutamate,0.77504962682724,glutamate,Traced,Roughly traced
17946,acetylcholine,0.8512767553329468,acetylcholine,Traced,Roughly traced
17949,acetylcholine,0.9473594427108765,acetylcholine,Traced,Roughly traced
17968,acetylcholine,0.9434354305267334,acetylcholine,Traced,Roughly traced
17994,acetylcholine,0.9422101974487305,acetylcholine,Traced,Roughly traced
18005,acetylcholine,0.9407128095626831,acetylcholine,Traced,Roughly traced
18026,acetylcholine,0.9140287041664124,acetylcholine,Traced,Roughly traced
18031,dopamine,0.7371460199356079,acetylcholine,Traced,Roughly traced
18056,acetylcholine,0.9624451994895935,acetylcholine,Traced,Prelim Roughly traced
18065,glutamate,0.8273229002952576,glutamate,Traced,Prelim Roughly traced
18097,acetylcholine,0.8944998979568481,acetylcholine,Traced,Roughly traced
18128,acetylcholine,0.8542185425758362,acetylcholine,Traced,Roughly traced
18138,acetylcholine,0.9610958695411682,acetylcholine,Traced,Roughly traced
18156,dopamine,0.6700888276100159,dopamine,Traced,Roughly traced
18172,glutamate,0.8039084672927856,glutamate,Traced,Roughly traced
18208,glutamate,0.7836180925369263,glutamate,Traced,Prelim Roughly traced
18219,glutamate,0.8181520104408264,glutamate,Traced,Roughly traced
18221,unclear,0.42820969223976135,unclear,Traced,Roughly traced
18238,acetylcholine,0.935132622718811,acetylcholine,Traced,Roughly traced
18242,acetylcholine,0.8603160977363586,acetylcholine,Traced,Roughly traced
18335,acetylcholine,0.9569959044456482,acetylcholine,Traced,Roughly traced
18354,serotonin,0.5443453192710876,unclear,Traced,Roughly traced
18387,glutamate,0.8708177208900452,glutamate,Traced,Roughly traced
18403,acetylcholine,0.9337003827095032,acetylcholine,Traced,Roughly traced
18406,acetylcholine,0.9105786681175232,acetylcholine,Traced,Roughly traced
18437,unclear,0.3713105320930481,acetylcholine,Traced,Roughly traced
18508,gaba,0.877575695514679,gaba,Traced,Roughly traced
18540,dopamine,0.6413085460662842,acetylcholine,Traced,Prelim Roughly traced
18586,serotonin,0.5957051515579224,unclear,Traced,Roughly traced
18599,glutamate,0.8330420255661011,glutamate,Traced,Roughly traced
18617,acetylcholine,0.8529719114303589,acetylcholine,Traced,Roughly traced
18633,gaba,0.7721866965293884,gaba,Traced,Prelim Roughly traced
18638,acetylcholine,0.8771074414253235,acetylcholine,Traced,Prelim Roughly traced
18684,acetylcholine,0.9601558446884155,acetylcholine,Traced,Roughly traced
18708,acetylcholine,0.9059250950813293,acetylcholine,Traced,Roughly traced
18713,gaba,0.7522256374359131,gaba,Traced,Roughly traced
18733,gaba,0.8919827938079834,gaba,Traced,Roughly traced
18749,glutamate,0.8559319376945496,glutamate,Traced,Roughly traced
18766,glutamate,0.7575811147689819,glutamate,Traced,Roughly traced
18778,glutamate,0.7671181559562683,glutamate,Traced,Roughly traced
18782,glutamate,0.7877854108810425,glutamate,Traced,Prelim Roughly traced
18796,acetylcholine,0.9245091676712036,acetylcholine,Traced,Roughly traced
18825,acetylcholine,0.9701909422874451,acetylcholine,Traced,Roughly traced
18841,acetylcholine,0.9418503046035767,acetylcholine,Traced,Prelim Roughly traced
18844,gaba,0.7673077583312988,gaba,Traced,Prelim Roughly traced
18849,acetylcholine,0.9648650884628296,acetylcholine,Traced,Roughly traced
18864,acetylcholine,0.9329173564910889,acetylcholine,Traced,Roughly traced
18874,glutamate,0.8489723801612854,glutamate,Traced,Roughly traced
18876,acetylcholine,0.950732946395874,acetylcholine,Traced,Roughly traced
18889,acetylcholine,0.9466699361801147,acetylcholine,Traced,Roughly traced
18921,gaba,0.6785025596618652,gaba,Traced,Roughly traced
18974,acetylcholine,0.9639782309532166,acetylcholine,Traced,Roughly traced
18982,glutamate,0.8087828755378723,glutamate,Traced,Roughly traced
18983,glutamate,0.6910364627838135,glutamate,Traced,Roughly traced
18999,acetylcholine,0.9468486905097961,acetylcholine,Traced,Prelim Roughly traced
19015,acetylcholine,0.8906148672103882,acetylcholine,Traced,Roughly traced
19036,glutamate,0.842693030834198,glutamate,Traced,Roughly traced
19044,glutamate,0.8496508598327637,glutamate,Traced,Roughly traced
19065,glutamate,0.8083512783050537,glutamate,Traced,Roughly traced
19066,acetylcholine,0.9617576003074646,acetylcholine,Traced,Roughly traced
19072,gaba,0.7438689470291138,gaba,Traced,Prelim Roughly traced
19079,glutamate,0.8550063371658325,glutamate,Traced,Prelim Roughly traced
19085,acetylcholine,0.9564800262451172,acetylcholine,Traced,Roughly traced
19102,dopamine,0.7995547652244568,acetylcholine,Traced,Roughly traced
19121,glutamate,0.7932406663894653,glutamate,Traced,Roughly traced
19136,acetylcholine,0.9603150486946106,acetylcholine,Traced,Roughly traced
19212,gaba,0.586166262626648,gaba,Traced,Roughly traced
19267,gaba,0.7303962111473083,gaba,Traced,Roughly traced
19308,acetylcholine,0.910836398601532,acetylcholine,Traced,Roughly traced
19314,acetylcholine,0.9449306130409241,acetylcholine,Traced,Roughly traced
19318,acetylcholine,0.9548678398132324,acetylcholine,Traced,Roughly traced
19323,gaba,0.8550000190734863,gaba,Traced,Prelim Roughly traced
19338,acetylcholine,0.8953965306282043,acetylcholine,Traced,Roughly traced
19355,gaba,0.8978796005249023,gaba,Traced,Roughly traced
19368,acetylcholine,0.9609953165054321,acetylcholine,Traced,Roughly traced
19373,glutamate,0.6027031540870667,glutamate,Traced,Roughly traced
19375,glutamate,0.8233597874641418,glutamate,Traced,Roughly traced
19392,glutamate,0.7770147919654846,glutamate,Traced,Roughly traced
19410,gaba,0.8536523580551147,gaba,Traced,Prelim Roughly traced
19425,gaba,0.8863902688026428,gaba,Traced,Roughly traced
19519,acetylcholine,0.9337558150291443,acetylcholine,Traced,Roughly traced
19541,acetylcholine,0.8978495001792908,acetylcholine,Traced,Roughly traced
19554,acetylcholine,0.9695368409156799,acetylcholine,Traced,Roughly traced
19566,acetylcholine,0.9582078456878662,acetylcholine,Traced,Roughly traced
19569,gaba,0.8792754411697388,gaba,Traced,Roughly traced
19594,glutamate,0.7974115610122681,glutamate,Traced,Roughly traced
19615,acetylcholine,0.9651789665222168,acetylcholine,Traced,Prelim Roughly traced
19616,glutamate,0.6843833327293396,glutamate,Traced,Roughly traced
19618,acetylcholine,0.9187822937965393,acetylcholine,Traced,Roughly traced
19672,acetylcholine,0.9214961528778076,acetylcholine,Traced,Roughly traced
19737,gaba,0.8639137148857117,gaba,Traced,Prelim Roughly traced
19781,gaba,0.6750602126121521,gaba,Traced,Prelim Roughly traced
19791,gaba,0.8431799411773682,gaba,Traced,Prelim Roughly traced
19807,gaba,0.8952374458312988,gaba,Traced,Roughly traced
19858,acetylcholine,0.9340535998344421,acetylcholine,Traced,Roughly traced
19894,acetylcholine,0.9463916420936584,acetylcholine,Traced,Roughly traced
19902,acetylcholine,0.8932703137397766,acetylcholine,Traced,Roughly traced
19917,gaba,0.8669986128807068,gaba,Traced,Roughly traced
19935,gaba,0.8900206089019775,gaba,Traced,Roughly traced
19948,acetylcholine,0.9318110942840576,acetylcholine,Traced,Roughly traced
19968,acetylcholine,0.9625372886657715,acetylcholine,Traced,Roughly traced
20026,gaba,0.7598991990089417,gaba,Traced,Prelim Roughly traced
20070,acetylcholine,0.7794079184532166,acetylcholine,Traced,Roughly traced
20117,acetylcholine,0.9432792663574219,acetylcholine,Traced,Roughly traced
20123,glutamate,0.8282601833343506,glutamate,Traced,Roughly traced
20233,acetylcholine,0.8096292018890381,acetylcholine,Traced,Roughly traced
20239,glutamate,0.7676985263824463,glutamate,Traced,Prelim Roughly traced
20251,acetylcholine,0.9375457167625427,acetylcholine,Traced,Roughly traced
20253,gaba,0.8777843713760376,gaba,Traced,Roughly traced
20254,glutamate,0.8650208711624146,glutamate,Traced,Prelim Roughly traced
20272,glutamate,0.8039091229438782,glutamate,Traced,Roughly traced
20302,acetylcholine,0.9584602117538452,acetylcholine,Traced,Roughly traced
20322,dopamine,0.7823179364204407,acetylcholine,Traced,Roughly traced
20335,gaba,0.6248444318771362,gaba,Traced,Prelim Roughly traced
20353,glutamate,0.8150038719177246,glutamate,Traced,Roughly traced
20392,acetylcholine,0.9632545709609985,acetylcholine,Traced,Roughly traced
20404,gaba,0.8463923335075378,gaba,Traced,Prelim Roughly traced
20418,acetylcholine,0.9386005997657776,acetylcholine,Traced,Roughly traced
20447,acetylcholine,0.9390400052070618,acetylcholine,Traced,Roughly traced
20563,acetylcholine,0.9662951827049255,acetylcholine,Traced,Roughly traced
20650,glutamate,0.6666229963302612,glutamate,Traced,Roughly traced
20653,gaba,0.8618517518043518,gaba,Traced,Prelim Roughly traced
20705,acetylcholine,0.8934987783432007,acetylcholine,Traced,Roughly traced
20715,octopamine,0.7585952877998352,octopamine,Traced,Roughly traced
20747,acetylcholine,0.9631392955780029,acetylcholine,Traced,Roughly traced
20757,acetylcholine,0.9506587386131287,acetylcholine,Traced,Roughly traced
20773,dopamine,0.7192683815956116,acetylcholine,Traced,Roughly traced
20803,acetylcholine,0.9590615630149841,acetylcholine,Traced,Roughly traced
20823,acetylcholine,0.8898547887802124,acetylcholine,Traced,Prelim Roughly traced
20828,acetylcholine,0.9523711204528809,acetylcholine,Traced,Roughly traced
20835,acetylcholine,0.9666130542755127,acetylcholine,Traced,Roughly traced
20875,unclear,0.4797298312187195,unclear,Traced,Roughly traced
20899,serotonin,0.5429603457450867,unclear,Traced,Roughly traced
20922,acetylcholine,0.932289719581604,acetylcholine,Traced,Roughly traced
20936,acetylcholine,0.9190268516540527,acetylcholine,Traced,Roughly traced
20945,gaba,0.8857930898666382,gaba,Traced,Roughly traced
20958,acetylcholine,0.9596878886222839,acetylcholine,Traced,Roughly traced
20986,acetylcholine,0.94114089012146,acetylcholine,Traced,Roughly traced
21053,glutamate,0.7359232306480408,glutamate,Traced,Roughly traced
21059,gaba,0.8830955028533936,gaba,Traced,Roughly traced
21067,acetylcholine,0.9581664204597473,acetylcholine,Traced,Roughly traced
21145,dopamine,0.7261500954627991,dopamine,Traced,Roughly traced
21157,acetylcholine,0.8139256238937378,acetylcholine,Traced,Roughly traced
21160,acetylcholine,0.9493899345397949,acetylcholine,Traced,Roughly traced
21204,glutamate,0.5646196603775024,glutamate,Traced,Roughly traced
21214,glutamate,0.7747061848640442,glutamate,Traced,Prelim Roughly traced
21242,gaba,0.785584032535553,gaba,Traced,Roughly traced
21258,acetylcholine,0.9049012064933777,acetylcholine,Traced,Roughly traced
21433,acetylcholine,0.9747326970100403,acetylcholine,Traced,Prelim Roughly traced
21449,gaba,0.8875210285186768,gaba,Traced,Roughly traced
21472,acetylcholine,0.9500826001167297,acetylcholine,Traced,Roughly traced
21519,dopamine,0.6481906771659851,dopamine,Traced,Roughly traced
21591,glutamate,0.6621379852294922,glutamate,Traced,Roughly traced
21647,glutamate,0.6477221250534058,glutamate,Traced,Roughly traced
21663,acetylcholine,0.9402607679367065,acetylcholine,Traced,Roughly traced
21665,glutamate,0.8448037505149841,glutamate,Traced,Prelim Roughly traced
21678,acetylcholine,0.9011443853378296,acetylcholine,Traced,Roughly traced
21692,serotonin,0.7357063293457031,unclear,Traced,Roughly traced
21719,glutamate,0.8124454617500305,glutamate,Traced,Roughly traced
21739,acetylcholine,0.9128001928329468,acetylcholine,Traced,Roughly traced
21771,acetylcholine,0.9301842451095581,acetylcholine,Traced,Roughly traced
21792,acetylcholine,0.9549742937088013,acetylcholine,Traced,Roughly traced
21799,acetylcholine,0.9285715222358704,acetylcholine,Traced,Roughly traced
21833,acetylcholine,0.9625836610794067,acetylcholine,Traced,Roughly traced
21849,acetylcholine,0.8630948662757874,acetylcholine,Traced,Roughly traced
21911,glutamate,0.8126193284988403,glutamate,Traced,Roughly traced
21951,acetylcholine,0.8446730971336365,acetylcholine,Traced,Roughly traced
22045,acetylcholine,0.9438750147819519,acetylcholine,Traced,Prelim Roughly traced
22083,glutamate,0.6416040658950806,glutamate,Traced,Roughly traced
22084,octopamine,0.7388583421707153,octopamine,Traced,Roughly traced
22191,acetylcholine,0.9240635633468628,acetylcholine,Traced,Roughly traced
22219,acetylcholine,0.9491893649101257,acetylcholine,Traced,Roughly traced
22226,acetylcholine,0.8967922329902649,acetylcholine,Traced,Roughly traced
22291,glutamate,0.7685621976852417,glutamate,Traced,Roughly traced
22386,unclear,0.39813902974128723,unclear,Traced,Roughly traced
22405,acetylcholine,0.9663287401199341,acetylcholine,Traced,Roughly traced
22406,acetylcholine,0.8945375084877014,acetylcholine,Traced,Prelim Roughly traced
22419,acetylcholine,0.9333218932151794,acetylcholine,Traced,Roughly traced
22442,acetylcholine,0.958825945854187,acetylcholine,Traced,Roughly traced
22461,gaba,0.8529583811759949,gaba,Traced,Prelim Roughly traced
22504,acetylcholine,0.9640823006629944,acetylcholine,Traced,Prelim Roughly traced
22533,dopamine,0.7536672353744507,acetylcholine,Traced,Roughly traced
22578,acetylcholine,0.9559120535850525,acetylcholine,Traced,Prelim Roughly traced
22657,serotonin,0.8167579174041748,unclear,Traced,Roughly traced
22700,glutamate,0.641036868095398,glutamate,Traced,Roughly traced
22720,acetylcholine,0.7440294027328491,acetylcholine,Traced,Roughly traced
22801,glutamate,0.8160606026649475,glutamate,Traced,Prelim Roughly traced
22839,acetylcholine,0.9164385795593262,acetylcholine,Traced,Roughly traced
22866,acetylcholine,0.9259108304977417,acetylcholine,Traced,Roughly traced
22870,acetylcholine,0.9299814105033875,acetylcholine,Traced,Roughly traced
22881,acetylcholine,0.948390543460846,acetylcholine,Traced,Roughly traced
22884,glutamate,0.697345495223999,glutamate,Traced,Roughly traced
22928,acetylcholine,0.8293732404708862,acetylcholine,Traced,Roughly traced
22929,glutamate,0.7535187602043152,glutamate,Traced,Prelim Roughly traced
22969,glutamate,0.7689864039421082,glutamate,Traced,Roughly traced
22995,dopamine,0.7211426496505737,acetylcholine,Traced,Roughly traced
23037,dopamine,0.7799469232559204,acetylcholine,Traced,Roughly traced
23080,gaba,0.8669335842132568,gaba,Traced,Prelim Roughly traced
23141,acetylcholine,0.9187856316566467,acetylcholine,Traced,Roughly traced
23158,acetylcholine,0.9559044241905212,acetylcholine,Traced,Prelim Roughly traced
23193,acetylcholine,0.9084718227386475,acetylcholine,Traced,Roughly traced
23197,gaba,0.8580009937286377,gaba,Traced,Prelim Roughly traced
23198,acetylcholine,0.9607663154602051,acetylcholine,Traced,Roughly traced
23261,acetylcholine,0.9568450450897217,acetylcholine,Traced,Roughly traced
23315,gaba,0.8451310992240906,gaba,Traced,Prelim Roughly traced
23418,acetylcholine,0.8979120850563049,acetylcholine,Traced,Roughly traced
23473,glutamate,0.6196569800376892,glutamate,Traced,Roughly traced
23474,acetylcholine,0.9648824334144592,acetylcholine,Traced,Roughly traced
23504,acetylcholine,0.9399684071540833,acetylcholine,Traced,Roughly traced
23520,gaba,0.8490665555000305,gaba,Traced,Prelim Roughly traced
23555,acetylcholine,0.9346382021903992,acetylcholine,Traced,Roughly traced
23563,acetylcholine,0.9021609425544739,acetylcholine,Traced,Roughly traced
23601,serotonin,0.5159260034561157,serotonin,Traced,Roughly traced
23673,acetylcholine,0.9521033763885498,acetylcholine,Traced,Prelim Roughly traced
23700,glutamate,0.6980964541435242,glutamate,Traced,Roughly traced
23733,acetylcholine,0.9633547067642212,acetylcholine,Traced,Roughly traced
23789,acetylcholine,0.9443276524543762,acetylcholine,Traced,Roughly traced
23795,glutamate,0.8540240526199341,glutamate,Traced,Prelim Roughly traced
23800,glutamate,0.7404033541679382,glutamate,Traced,Roughly traced
23839,acetylcholine,0.9687356948852539,acetylcholine,Traced,Prelim Roughly traced
23846,glutamate,0.5114086270332336,glutamate,Traced,Roughly traced
23874,gaba,0.8648935556411743,gaba,Traced,Prelim Roughly traced
23903,acetylcholine,0.9652218818664551,acetylcholine,Traced,Roughly traced
23924,acetylcholine,0.9316946864128113,acetylcholine,Traced,Roughly traced
23947,acetylcholine,0.9573103785514832,acetylcholine,Traced,Roughly traced
23991,acetylcholine,0.9317809343338013,acetylcholine,Traced,Prelim Roughly traced
24060,unclear,0.420452743768692,unclear,Traced,Prelim Roughly traced
24076,gaba,0.8626708984375,gaba,Traced,Prelim Roughly traced
24088,unclear,0.48487868905067444,glutamate,Traced,Roughly traced
24107,acetylcholine,0.9424331784248352,acetylcholine,Traced,Roughly traced
24122,gaba,0.8648447394371033,gaba,Traced,Prelim Roughly traced
24151,acetylcholine,0.9462365508079529,acetylcholine,Traced,Prelim Roughly traced
24156,acetylcholine,0.8650186657905579,acetylcholine,Traced,Prelim Roughly traced
24163,acetylcholine,0.8540334701538086,acetylcholine,Traced,Roughly traced
24204,dopamine,0.766724705696106,acetylcholine,Traced,Roughly traced
24225,acetylcholine,0.9247169494628906,acetylcholine,Traced,Roughly traced
24231,serotonin,0.594290018081665,unclear,Traced,Roughly traced
24249,acetylcholine,0.9505913257598877,acetylcholine,Traced,Prelim Roughly traced
24396,acetylcholine,0.9457004070281982,acetylcholine,Traced,Roughly traced
24459,gaba,0.8580466508865356,gaba,Traced,Prelim Roughly traced
24518,acetylcholine,0.8365856409072876,acetylcholine,Traced,Prelim Roughly traced
24546,acetylcholine,0.9446720480918884,acetylcholine,Traced,Roughly traced
24594,acetylcholine,0.9624965786933899,acetylcholine,Traced,Roughly traced
24620,serotonin,0.5577268004417419,unclear,Traced,Roughly traced
24693,acetylcholine,0.9522425532341003,acetylcholine,Traced,Roughly traced
24695,dopamine,0.6712506413459778,acetylcholine,Traced,Roughly traced
24780,glutamate,0.8123272657394409,glutamate,Traced,Prelim Roughly traced
24830,acetylcholine,0.9359326362609863,acetylcholine,Traced,Prelim Roughly traced
24878,glutamate,0.8541468381881714,glutamate,Traced,Prelim Roughly traced
24879,gaba,0.856107234954834,gaba,Traced,Prelim Roughly traced
24901,acetylcholine,0.9603784084320068,acetylcholine,Traced,Roughly traced
25017,dopamine,0.7497233748435974,acetylcholine,Traced,Prelim Roughly traced
25030,dopamine,0.5928944945335388,acetylcholine,Traced,Roughly traced
25037,acetylcholine,0.7556859254837036,acetylcholine,Traced,Roughly traced
25045,acetylcholine,0.7406417727470398,acetylcholine,Traced,Roughly traced
25085,acetylcholine,0.9103089570999146,acetylcholine,Traced,Roughly traced
25195,acetylcholine,0.958045244216919,acetylcholine,Traced,Prelim Roughly traced
25229,acetylcholine,0.9572958946228027,acetylcholine,Traced,Roughly traced
25301,glutamate,0.6329598426818848,glutamate,Traced,Roughly traced
25359,gaba,0.8385199308395386,gaba,Traced,Roughly traced
25363,glutamate,0.7887833118438721,glutamate,Traced,Roughly traced
25492,acetylcholine,0.8919271230697632,acetylcholine,Traced,Prelim Roughly traced
25554,glutamate,0.7149307131767273,glutamate,Traced,Prelim Roughly traced
25557,acetylcholine,0.933448314666748,acetylcholine,Traced,Roughly traced
25577,acetylcholine,0.919965922832489,acetylcholine,Traced,Roughly traced
25631,dopamine,0.6568368673324585,acetylcholine,Traced,Roughly traced
25635,glutamate,0.823859453201294,glutamate,Traced,Roughly traced
25709,gaba,0.8737983703613281,gaba,Traced,Roughly traced
25719,acetylcholine,0.9557961821556091,acetylcholine,Traced,Roughly traced
25740,acetylcholine,0.8759881854057312,acetylcholine,Traced,Roughly traced
25746,acetylcholine,0.9168336987495422,acetylcholine,Traced,Roughly traced
25763,glutamate,0.6604856252670288,glutamate,Traced,Roughly traced
25780,acetylcholine,0.9651756286621094,acetylcholine,Traced,Roughly traced
25789,acetylcholine,0.9472603797912598,acetylcholine,Traced,Prelim Roughly traced
25791,acetylcholine,0.9639937877655029,acetylcholine,Traced,Roughly traced
25797,gaba,0.8625675439834595,gaba,Traced,Prelim Roughly traced
25879,dopamine,0.7321598529815674,acetylcholine,Traced,Roughly traced
25919,acetylcholine,0.902125895023346,acetylcholine,Traced,Roughly traced
25945,acetylcholine,0.9472192525863647,acetylcholine,Traced,Roughly traced
25975,glutamate,0.8664455413818359,glutamate,Traced,Roughly traced
25977,acetylcholine,0.9018204808235168,acetylcholine,Traced,Roughly traced
25997,acetylcholine,0.8807269334793091,acetylcholine,Traced,Roughly traced
26039,acetylcholine,0.8928687572479248,acetylcholine,Traced,Roughly traced
26099,acetylcholine,0.9201428890228271,acetylcholine,Traced,Prelim Roughly traced
26118,acetylcholine,0.8885483741760254,acetylcholine,Traced,Roughly traced
26130,glutamate,0.7746737599372864,glutamate,Traced,Roughly traced
26148,glutamate,0.7808248400688171,glutamate,Traced,Prelim Roughly traced
26179,acetylcholine,0.928341805934906,acetylcholine,Traced,Roughly traced
26193,acetylcholine,0.8557342886924744,acetylcholine,Traced,Prelim Roughly traced
26208,acetylcholine,0.9030863046646118,acetylcholine,Traced,Roughly traced
26221,acetylcholine,0.9402636289596558,acetylcholine,Traced,Roughly traced
26287,glutamate,0.7389664053916931,glutamate,Traced,Roughly traced
26485,acetylcholine,0.9651910066604614,acetylcholine,Traced,Roughly traced
26534,acetylcholine,0.9604135751724243,acetylcholine,Traced,Roughly traced
26579,acetylcholine,0.9552445411682129,acetylcholine,Traced,Roughly traced
26641,glutamate,0.8600506782531738,glutamate,Traced,Roughly traced
26714,acetylcholine,0.9258295297622681,acetylcholine,Traced,Roughly traced
26720,acetylcholine,0.7079989910125732,acetylcholine,Traced,Roughly traced
26722,acetylcholine,0.8890359401702881,acetylcholine,Traced,Roughly traced
26750,acetylcholine,0.9127621650695801,acetylcholine,Traced,Prelim Roughly traced
26792,dopamine,0.7098220586776733,acetylcholine,Traced,Roughly traced
26853,acetylcholine,0.938523530960083,acetylcholine,Traced,Roughly traced
26886,glutamate,0.7701932191848755,glutamate,Traced,Roughly traced
26953,acetylcholine,0.9530839323997498,acetylcholine,Traced,Roughly traced
26974,acetylcholine,0.8864989876747131,acetylcholine,Traced,Roughly traced
26987,acetylcholine,0.9521898627281189,acetylcholine,Traced,Roughly traced
26993,acetylcholine,0.9621139168739319,acetylcholine,Traced,Roughly traced
27025,glutamate,0.818804919719696,glutamate,Traced,Roughly traced
27054,acetylcholine,0.8251708149909973,acetylcholine,Traced,Prelim Roughly traced
27060,acetylcholine,0.9557172060012817,acetylcholine,Traced,Roughly traced
27077,acetylcholine,0.8822866678237915,acetylcholine,Traced,Roughly traced
27117,acetylcholine,0.929394006729126,acetylcholine,Traced,Roughly traced
27151,acetylcholine,0.940867006778717,acetylcholine,Traced,Prelim Roughly traced
27161,acetylcholine,0.9538882970809937,acetylcholine,Traced,Roughly traced
27280,acetylcholine,0.8799050450325012,acetylcholine,Traced,Roughly traced
27281,glutamate,0.7849879860877991,glutamate,Traced,Roughly traced
27341,acetylcholine,0.943579912185669,acetylcholine,Traced,Roughly traced
27342,acetylcholine,0.9400670528411865,acetylcholine,Traced,Roughly traced
27359,acetylcholine,0.9491866230964661,acetylcholine,Traced,Roughly traced
27403,acetylcholine,0.885614812374115,acetylcholine,Traced,Roughly traced
27459,glutamate,0.7706255316734314,glutamate,Traced,Roughly traced
27524,acetylcholine,0.893884003162384,acetylcholine,Traced,Roughly traced
27534,acetylcholine,0.8342256546020508,acetylcholine,Traced,Roughly traced
27545,glutamate,0.7794440984725952,glutamate,Traced,Prelim Roughly traced
27583,dopamine,0.73435378074646,acetylcholine,Traced,Roughly traced
27721,acetylcholine,0.8744908571243286,acetylcholine,Traced,Roughly traced
27756,acetylcholine,0.9499433636665344,acetylcholine,Traced,Roughly traced
27770,gaba,0.8893970847129822,gaba,Traced,Prelim Roughly traced
27795,acetylcholine,0.9494078755378723,acetylcholine,Traced,Roughly traced
27870,glutamate,0.7289204597473145,glutamate,Traced,Roughly traced
27907,acetylcholine,0.6337195038795471,acetylcholine,Traced,Prelim Roughly traced
27945,acetylcholine,0.8595693707466125,acetylcholine,Traced,Roughly traced
27954,gaba,0.7521108984947205,gaba,Traced,Roughly traced
28111,acetylcholine,0.9694572687149048,acetylcholine,Traced,Roughly traced
28146,serotonin,0.5804307460784912,unclear,Traced,Roughly traced
28179,glutamate,0.7974665760993958,glutamate,Traced,Roughly traced
28234,acetylcholine,0.8547108173370361,acetylcholine,Traced,Roughly traced
28236,acetylcholine,0.9093663692474365,acetylcholine,Traced,Prelim Roughly traced
28286,glutamate,0.6529343724250793,glutamate,Traced,Roughly traced
28317,acetylcholine,0.9272690415382385,acetylcholine,Traced,Roughly traced
28339,gaba,0.8399633169174194,gaba,Traced,Prelim Roughly traced
28364,glutamate,0.6642612218856812,glutamate,Traced,Roughly traced
28392,gaba,0.7879648804664612,gaba,Traced,Roughly traced
28401,acetylcholine,0.8666752576828003,acetylcholine,Traced,Roughly traced
28434,dopamine,0.9142351150512695,dopamine,Traced,Roughly traced
28499,acetylcholine,0.774130642414093,acetylcholine,Traced,Prelim Roughly traced
28610,acetylcholine,0.9353408813476562,acetylcholine,Traced,Prelim Roughly traced
28622,acetylcholine,0.9409033060073853,acetylcholine,Traced,Roughly traced
28631,dopamine,0.6964161992073059,acetylcholine,Traced,Roughly traced
28641,acetylcholine,0.9406465291976929,acetylcholine,Traced,Roughly traced
28666,acetylcholine,0.8743994235992432,acetylcholine,Traced,Prelim Roughly traced
28671,gaba,0.8268340826034546,gaba,Traced,Roughly traced
28685,acetylcholine,0.8739330172538757,acetylcholine,Traced,Roughly traced
28779,gaba,0.6007350087165833,gaba,Traced,Prelim Roughly traced
28812,acetylcholine,0.9205129742622375,acetylcholine,Traced,Roughly traced
28901,acetylcholine,0.5446683764457703,acetylcholine,Traced,Prelim Roughly traced
28951,acetylcholine,0.9550641775131226,acetylcholine,Traced,Prelim Roughly traced
28986,acetylcholine,0.9398751258850098,acetylcholine,Traced,Roughly traced
29046,gaba,0.8334441781044006,gaba,Traced,Prelim Roughly traced
29226,acetylcholine,0.6873558759689331,acetylcholine,Traced,Prelim Roughly traced
29283,acetylcholine,0.8117821216583252,acetylcholine,Traced,Roughly traced
29336,acetylcholine,0.9634060859680176,acetylcholine,Traced,Prelim Roughly traced
29350,glutamate,0.7231825590133667,glutamate,Traced,Roughly traced
29388,acetylcholine,0.8840847015380859,acetylcholine,Traced,Roughly traced
29419,acetylcholine,0.9368795156478882,acetylcholine,Traced,Roughly traced
29471,dopamine,0.6919918656349182,acetylcholine,Traced,Roughly traced
29537,unclear,0.43925991654396057,unclear,Traced,Roughly traced
29555,glutamate,0.7411578893661499,glutamate,Traced,Prelim Roughly traced
29565,dopamine,0.9105430841445923,dopamine,Traced,Roughly traced
29582,glutamate,0.7333923578262329,glutamate,Traced,Roughly traced
29662,acetylcholine,0.9594537019729614,acetylcholine,Traced,Prelim Roughly traced
29715,gaba,0.8075565099716187,gaba,Traced,Roughly traced
29721,acetylcholine,0.9341807961463928,acetylcholine,Traced,Prelim Roughly traced
29728,dopamine,0.7847609519958496,acetylcholine,Traced,Roughly traced
29752,acetylcholine,0.9079704284667969,acetylcholine,Traced,Roughly traced
29765,acetylcholine,0.9227885007858276,acetylcholine,Traced,Prelim Roughly traced
29799,glutamate,0.8467326760292053,glutamate,Traced,Roughly traced
29806,acetylcholine,0.9156635403633118,acetylcholine,Traced,Roughly traced
29827,glutamate,0.763805627822876,glutamate,Traced,Roughly traced
29921,acetylcholine,0.9468199014663696,acetylcholine,Traced,Prelim Roughly traced
29958,acetylcholine,0.9518161416053772,acetylcholine,Traced,Roughly traced
30057,acetylcholine,0.8771293759346008,acetylcholine,Traced,Roughly traced
30115,glutamate,0.8073071241378784,glutamate,Traced,Prelim Roughly traced
30181,acetylcholine,0.6711158156394958,acetylcholine,Traced,Roughly traced
30189,glutamate,0.803959846496582,glutamate,Traced,Roughly traced
30206,gaba,0.6990048289299011,gaba,Traced,Prelim Roughly traced
30331,acetylcholine,0.9462065100669861,acetylcholine,Traced,Roughly traced
30397,dopamine,0.7655237317085266,acetylcholine,Traced,Roughly traced
30402,acetylcholine,0.8449104428291321,acetylcholine,Traced,Roughly traced
30406,acetylcholine,0.902617335319519,acetylcholine,Traced,Prelim Roughly traced
30426,acetylcholine,0.9308452010154724,acetylcholine,Traced,Roughly traced
30519,gaba,0.8205665349960327,gaba,Traced,Roughly traced
30546,acetylcholine,0.9523799419403076,acetylcholine,Traced,Roughly traced
30716,acetylcholine,0.9437341690063477,acetylcholine,Traced,Roughly traced
30771,gaba,0.7109123468399048,gaba,Traced,Roughly traced
30927,glutamate,0.6900232434272766,glutamate,Traced,Roughly traced
30964,acetylcholine,0.9639113545417786,acetylcholine,Traced,Roughly traced
30981,acetylcholine,0.9527661204338074,acetylcholine,Traced,Roughly traced
31011,glutamate,0.8151403069496155,glutamate,Traced,Prelim Roughly traced
31016,acetylcholine,0.9021216034889221,acetylcholine,Traced,Roughly traced
31022,glutamate,0.819270670413971,glutamate,Traced,Roughly traced
31075,acetylcholine,0.9177510142326355,acetylcholine,Traced,Prelim Roughly traced
31083,acetylcholine,0.9330479502677917,acetylcholine,Traced,Roughly traced
31291,acetylcholine,0.9515823721885681,acetylcholine,Traced,Prelim Roughly traced
31297,acetylcholine,0.9716284275054932,acetylcholine,Traced,Roughly traced
31353,acetylcholine,0.9438348412513733,acetylcholine,Traced,Prelim Roughly traced
31365,acetylcholine,0.8710124492645264,acetylcholine,Traced,Prelim Roughly traced
31504,glutamate,0.84919273853302,glutamate,Traced,Prelim Roughly traced
31627,acetylcholine,0.8016893267631531,acetylcholine,Traced,Roughly traced
31681,gaba,0.7699750065803528,gaba,Traced,Roughly traced
31720,dopamine,0.7442764043807983,acetylcholine,Traced,Roughly traced
31723,acetylcholine,0.9117980003356934,acetylcholine,Traced,Prelim Roughly traced
31733,acetylcholine,0.9115593433380127,acetylcholine,Traced,Prelim Roughly traced
31742,acetylcholine,0.9328653812408447,acetylcholine,Traced,Roughly traced
31753,acetylcholine,0.9518080353736877,acetylcholine,Traced,Roughly traced
31827,glutamate,0.6993383765220642,glutamate,Traced,Roughly traced
31876,acetylcholine,0.9747326970100403,acetylcholine,Traced,Roughly traced
31904,acetylcholine,0.9618858098983765,acetylcholine,Traced,Roughly traced
31914,acetylcholine,0.9271414279937744,acetylcholine,Traced,Roughly traced
32150,acetylcholine,0.8769130706787109,acetylcholine,Traced,Roughly traced
32319,acetylcholine,0.8903981447219849,acetylcholine,Traced,Prelim Roughly traced
32368,acetylcholine,0.9176058769226074,acetylcholine,Traced,Roughly traced
32604,glutamate,0.86416095495224,glutamate,Traced,Prelim Roughly traced
32654,acetylcholine,0.9436452388763428,acetylcholine,Traced,Prelim Roughly traced
32708,acetylcholine,0.9215362668037415,acetylcholine,Traced,Roughly traced
32758,gaba,0.7788357138633728,gaba,Traced,Prelim Roughly traced
32784,acetylcholine,0.9237689971923828,acetylcholine,Traced,Roughly traced
32788,acetylcholine,0.9077707529067993,acetylcholine,Traced,Roughly traced
32818,acetylcholine,0.8773313760757446,acetylcholine,Traced,Prelim Roughly traced
32835,acetylcholine,0.961418628692627,acetylcholine,Traced,Prelim Roughly traced
32865,dopamine,0.9076706171035767,dopamine,Traced,Prelim Roughly traced
32910,acetylcholine,0.9221004247665405,acetylcholine,Traced,Roughly traced
32911,glutamate,0.7586447596549988,glutamate,Traced,Roughly traced
32913,acetylcholine,0.8505163192749023,acetylcholine,Traced,Prelim Roughly traced
32937,acetylcholine,0.971081018447876,acetylcholine,Traced,Prelim Roughly traced
32939,acetylcholine,0.9704897999763489,acetylcholine,Traced,Prelim Roughly traced
32976,glutamate,0.8065931797027588,glutamate,Traced,Roughly traced
33011,acetylcholine,0.9333439469337463,acetylcholine,Traced,Roughly traced
33038,acetylcholine,0.8730528354644775,acetylcholine,Traced,Roughly traced
33125,glutamate,0.8477185368537903,glutamate,Traced,Roughly traced
33156,acetylcholine,0.9222634434700012,acetylcholine,Traced,Roughly traced
33298,acetylcholine,0.6542697548866272,acetylcholine,Traced,Roughly traced
33340,acetylcholine,0.9546574354171753,acetylcholine,Traced,Roughly traced
33438,acetylcholine,0.8819136619567871,acetylcholine,Traced,Roughly traced
33453,acetylcholine,0.9225907325744629,acetylcholine,Traced,Roughly traced
33569,acetylcholine,0.8279711604118347,acetylcholine,Traced,Prelim Roughly traced
33617,acetylcholine,0.9105842709541321,acetylcholine,Traced,Roughly traced
33632,acetylcholine,0.9199116826057434,acetylcholine,Traced,Prelim Roughly traced
33775,acetylcholine,0.9415671825408936,acetylcholine,Traced,Roughly traced
33779,acetylcholine,0.9610478281974792,acetylcholine,Traced,Roughly traced
33858,acetylcholine,0.9303452372550964,acetylcholine,Traced,Prelim Roughly traced
33911,gaba,0.740136444568634,gaba,Traced,Roughly traced
34089,acetylcholine,0.9372847080230713,acetylcholine,Traced,Prelim Roughly traced
34101,glutamate,0.8229550123214722,glutamate,Traced,Roughly traced
34106,gaba,0.5453115701675415,gaba,Traced,Prelim Roughly traced
34131,acetylcholine,0.9195873737335205,acetylcholine,Traced,Roughly traced
34187,glutamate,0.8156336545944214,glutamate,Traced,Roughly traced
34188,octopamine,0.768028974533081,octopamine,Traced,Roughly traced
34241,acetylcholine,0.9484427571296692,acetylcholine,Traced,Roughly traced
34529,acetylcholine,0.9032933712005615,acetylcholine,Traced,Roughly traced
34607,gaba,0.8337929248809814,gaba,Traced,Prelim Roughly traced
34737,gaba,0.7820813059806824,gaba,Traced,Roughly traced
34751,gaba,0.6534310579299927,gaba,Traced,Roughly traced
34870,dopamine,0.7011348009109497,acetylcholine,Traced,Roughly traced
34871,acetylcholine,0.9527459740638733,acetylcholine,Traced,Roughly traced
34896,acetylcholine,0.8520866632461548,acetylcholine,Traced,Roughly traced
34903,gaba,0.8029746413230896,gaba,Traced,Prelim Roughly traced
34907,acetylcholine,0.9430621266365051,acetylcholine,Traced,Roughly traced
34920,acetylcholine,0.679237425327301,acetylcholine,Traced,Roughly traced
34922,gaba,0.7735880017280579,gaba,Traced,Roughly traced
35088,gaba,0.57656329870224,gaba,Traced,Prelim Roughly traced
35279,acetylcholine,0.9350088238716125,acetylcholine,Traced,Roughly traced
35352,acetylcholine,0.8835713863372803,acetylcholine,Traced,Roughly traced
35364,glutamate,0.8292014598846436,glutamate,Traced,Prelim Roughly traced
35425,acetylcholine,0.8391708731651306,acetylcholine,Traced,Prelim Roughly traced
35453,acetylcholine,0.9565088748931885,acetylcholine,Traced,Roughly traced
35591,gaba,0.7518667578697205,gaba,Traced,Prelim Roughly traced
35604,acetylcholine,0.9463439583778381,acetylcholine,Traced,Prelim Roughly traced
35728,acetylcholine,0.9582669734954834,acetylcholine,Traced,Roughly traced
35736,dopamine,0.6474032998085022,acetylcholine,Traced,Roughly traced
35775,dopamine,0.6907805800437927,acetylcholine,Traced,Roughly traced
35811,acetylcholine,0.9214751720428467,acetylcholine,Traced,Prelim Roughly traced
35898,acetylcholine,0.8424111604690552,acetylcholine,Traced,Roughly traced
35924,acetylcholine,0.9043452739715576,acetylcholine,Traced,Prelim Roughly traced
35945,acetylcholine,0.9395675659179688,acetylcholine,Traced,Roughly traced
36011,acetylcholine,0.9243077039718628,acetylcholine,Traced,Prelim Roughly traced
36054,gaba,0.774150550365448,gaba,Traced,Roughly traced
36090,acetylcholine,0.8733219504356384,acetylcholine,Traced,Roughly traced
36119,dopamine,0.6405060291290283,acetylcholine,Traced,Roughly traced
36146,acetylcholine,0.9433460831642151,acetylcholine,Traced,Roughly traced
36161,acetylcholine,0.9011926651000977,acetylcholine,Traced,Roughly traced
36245,serotonin,0.5958594679832458,unclear,Traced,Roughly traced
36374,acetylcholine,0.9552904367446899,acetylcholine,Traced,Roughly traced
36378,dopamine,0.7003365159034729,acetylcholine,Traced,Roughly traced
36384,gaba,0.7317294478416443,gaba,Traced,Roughly traced
36423,dopamine,0.6502826809883118,dopamine,Traced,Roughly traced
36459,acetylcholine,0.9565043449401855,acetylcholine,Traced,Roughly traced
36470,glutamate,0.6025959849357605,glutamate,Traced,Roughly traced
36482,dopamine,0.7207544445991516,acetylcholine,Traced,Roughly traced
36556,acetylcholine,0.9301782250404358,acetylcholine,Traced,Roughly traced
36601,acetylcholine,0.9193009734153748,acetylcholine,Traced,Roughly traced
36624,dopamine,0.9126380085945129,dopamine,Traced,Roughly traced
36713,dopamine,0.6107675433158875,acetylcholine,Traced,Roughly traced
36723,dopamine,0.715549111366272,acetylcholine,Traced,Prelim Roughly traced
36751,glutamate,0.7921590805053711,glutamate,Traced,Roughly traced
36825,acetylcholine,0.9376833438873291,acetylcholine,Traced,Roughly traced
36888,acetylcholine,0.9512180685997009,acetylcholine,Traced,Prelim Roughly traced
36939,acetylcholine,0.9538690447807312,acetylcholine,Traced,Roughly traced
36979,acetylcholine,0.9554123282432556,acetylcholine,Traced,Roughly traced
37004,acetylcholine,0.8001992106437683,acetylcholine,Traced,Roughly traced
37293,dopamine,0.7114241123199463,acetylcholine,Traced,Roughly traced
37297,acetylcholine,0.9487963914871216,acetylcholine,Traced,Roughly traced
37300,glutamate,0.6920903921127319,glutamate,Traced,Roughly traced
37432,dopamine,0.6474363207817078,acetylcholine,Traced,Roughly traced
37511,glutamate,0.7828485369682312,glutamate,Traced,Roughly traced
37639,acetylcholine,0.8926997780799866,acetylcholine,Traced,Roughly traced
37720,dopamine,0.7241221070289612,acetylcholine,Traced,Roughly traced
37744,glutamate,0.8082274794578552,glutamate,Traced,Prelim Roughly traced
37843,acetylcholine,0.8771294951438904,acetylcholine,Traced,Prelim Roughly traced
37845,dopamine,0.8949511647224426,dopamine,Traced,Roughly traced
37860,dopamine,0.6724597811698914,acetylcholine,Traced,Roughly traced
37879,acetylcholine,0.9078214764595032,acetylcholine,Traced,Roughly traced
37902,acetylcholine,0.9193985462188721,acetylcholine,Traced,Prelim Roughly traced
37904,dopamine,0.6701453328132629,acetylcholine,Traced,Roughly traced
37920,acetylcholine,0.9711677432060242,acetylcholine,Traced,Roughly traced
37964,glutamate,0.735477089881897,glutamate,Traced,Prelim Roughly traced
37997,acetylcholine,0.9253971576690674,acetylcholine,Traced,Roughly traced
38024,glutamate,0.7806290984153748,glutamate,Traced,Prelim Roughly traced
38121,dopamine,0.6931412220001221,acetylcholine,Traced,Roughly traced
38219,acetylcholine,0.7525321245193481,acetylcholine,Traced,Prelim Roughly traced
38221,acetylcholine,0.9480936527252197,acetylcholine,Traced,Roughly traced
38222,acetylcholine,0.9626973271369934,acetylcholine,Traced,Roughly traced
38262,acetylcholine,0.9514346718788147,acetylcholine,Traced,Roughly traced
38268,gaba,0.7813045978546143,gaba,Traced,Roughly traced
38272,acetylcholine,0.9366281032562256,acetylcholine,Traced,Roughly traced
38290,unclear,0.48012009263038635,unclear,Traced,Roughly traced
38338,acetylcholine,0.939948320388794,acetylcholine,Traced,Roughly traced
38351,acetylcholine,0.8314321637153625,acetylcholine,Traced,Prelim Roughly traced
38476,acetylcholine,0.8730546832084656,acetylcholine,Traced,Roughly traced
38528,dopamine,0.6873599886894226,acetylcholine,Traced,Roughly traced
38657,dopamine,0.5437574982643127,acetylcholine,Traced,Prelim Roughly traced
38689,acetylcholine,0.9572369456291199,acetylcholine,Traced,Prelim Roughly traced
38774,dopamine,0.7054135799407959,acetylcholine,Traced,Roughly traced
38777,acetylcholine,0.9369838237762451,acetylcholine,Traced,Roughly traced
38835,unclear,0.37821826338768005,acetylcholine,Traced,Roughly traced
38853,acetylcholine,0.9411354064941406,acetylcholine,Traced,Roughly traced
38915,gaba,0.7133288979530334,gaba,Traced,Roughly traced
38934,dopamine,0.7325078845024109,acetylcholine,Traced,Roughly traced
38967,dopamine,0.7320882081985474,acetylcholine,Traced,Roughly traced
39091,glutamate,0.652912437915802,glutamate,Traced,Roughly traced
39193,acetylcholine,0.9189918637275696,acetylcholine,Traced,Prelim Roughly traced
39205,dopamine,0.7467467784881592,acetylcholine,Traced,Roughly traced
39246,acetylcholine,0.8895254731178284,acetylcholine,Traced,Roughly traced
39368,acetylcholine,0.9068493843078613,acetylcholine,Traced,Roughly traced
39377,acetylcholine,0.8718529343605042,acetylcholine,Traced,Roughly traced
39474,acetylcholine,0.9443424344062805,acetylcholine,Traced,Roughly traced
39655,dopamine,0.761268675327301,acetylcholine,Traced,Roughly traced
39707,acetylcholine,0.9304835796356201,acetylcholine,Traced,Roughly traced
39798,gaba,0.7127311825752258,gaba,Traced,Prelim Roughly traced
39805,acetylcholine,0.9134441614151001,acetylcholine,Traced,Roughly traced
39989,acetylcholine,0.9263787865638733,acetylcholine,Traced,Roughly traced
40066,dopamine,0.7391037344932556,acetylcholine,Traced,Roughly traced
40221,acetylcholine,0.9136024117469788,acetylcholine,Traced,Roughly traced
40285,acetylcholine,0.9094452857971191,acetylcholine,Traced,Prelim Roughly traced
40324,acetylcholine,0.8792042136192322,acetylcholine,Traced,Roughly traced
40335,acetylcholine,0.8726065158843994,acetylcholine,Traced,Roughly traced
40486,acetylcholine,0.9345238208770752,acetylcholine,Traced,Roughly traced
40602,dopamine,0.7514721751213074,acetylcholine,Traced,Roughly traced
40615,dopamine,0.6841039061546326,acetylcholine,Traced,Roughly traced
40680,acetylcholine,0.9500548839569092,acetylcholine,Traced,Prelim Roughly traced
40685,acetylcholine,0.9452117681503296,acetylcholine,Traced,Roughly traced
40695,glutamate,0.7688856720924377,glutamate,Traced,Roughly traced
40740,acetylcholine,0.9512732625007629,acetylcholine,Traced,Roughly traced
40788,dopamine,0.7100414633750916,acetylcholine,Traced,Roughly traced
41057,acetylcholine,0.9282729625701904,acetylcholine,Traced,Prelim Roughly traced
41086,acetylcholine,0.9515959620475769,acetylcholine,Traced,Roughly traced
41150,dopamine,0.6790637969970703,acetylcholine,Traced,Roughly traced
41270,acetylcholine,0.931850016117096,acetylcholine,Traced,Roughly traced
41406,dopamine,0.7393426299095154,acetylcholine,Traced,Roughly traced
41510,acetylcholine,0.9312230944633484,acetylcholine,Traced,Roughly traced
41544,glutamate,0.7717985510826111,glutamate,Traced,Roughly traced
41554,glutamate,0.7884071469306946,glutamate,Traced,Roughly traced
41645,unclear,0.42866817116737366,acetylcholine,Traced,Roughly traced
41692,acetylcholine,0.9466537237167358,acetylcholine,Traced,Roughly traced
41812,acetylcholine,0.906394362449646,acetylcholine,Traced,Prelim Roughly traced
41899,dopamine,0.6680688261985779,acetylcholine,Traced,Roughly traced
41968,dopamine,0.715220034122467,acetylcholine,Traced,Roughly traced
42059,acetylcholine,0.7687132358551025,acetylcholine,Traced,Roughly traced
42182,dopamine,0.7629605531692505,acetylcholine,Traced,Roughly traced
42185,dopamine,0.6132686734199524,acetylcholine,Traced,Roughly traced
42260,dopamine,0.6649175882339478,acetylcholine,Traced,Roughly traced
42425,dopamine,0.7470570802688599,acetylcholine,Traced,Roughly traced
42460,gaba,0.824977457523346,gaba,Traced,Prelim Roughly traced
42531,acetylcholine,0.7637943625450134,acetylcholine,Traced,Prelim Roughly traced
42582,dopamine,0.7948957085609436,acetylcholine,Traced,Roughly traced
42793,glutamate,0.7568321824073792,glutamate,Traced,Roughly traced
42813,dopamine,0.6826058030128479,acetylcholine,Traced,Roughly traced
43031,acetylcholine,0.9619091749191284,acetylcholine,Traced,Prelim Roughly traced
43152,acetylcholine,0.9363508224487305,acetylcholine,Traced,Roughly traced
43179,acetylcholine,0.9289633631706238,acetylcholine,Traced,Roughly traced
43278,glutamate,0.7905503511428833,glutamate,Traced,Roughly traced
43321,dopamine,0.738824725151062,acetylcholine,Traced,Roughly traced
43358,dopamine,0.6901920437812805,acetylcholine,Traced,Roughly traced
43363,acetylcholine,0.952278733253479,acetylcholine,Traced,Roughly traced
43407,glutamate,0.814468264579773,glutamate,Traced,Prelim Roughly traced
43462,dopamine,0.6884835958480835,acetylcholine,Traced,Roughly traced
43474,dopamine,0.6441404819488525,acetylcholine,Traced,Roughly traced
43532,glutamate,0.8232859969139099,glutamate,Traced,Roughly traced
43584,acetylcholine,0.8746861815452576,acetylcholine,Traced,Roughly traced
43760,unclear,0.4888037145137787,unclear,Traced,Roughly traced
43804,acetylcholine,0.9251413941383362,acetylcholine,Traced,Prelim Roughly traced
43806,gaba,0.6188276410102844,gaba,Traced,Roughly traced
43881,serotonin,0.5294951796531677,unclear,Traced,Roughly traced
43889,dopamine,0.7251366376876831,acetylcholine,Traced,Roughly traced
43899,dopamine,0.6044895648956299,acetylcholine,Traced,Roughly traced
44024,dopamine,0.6941519379615784,acetylcholine,Traced,Roughly traced
44091,gaba,0.6891034841537476,gaba,Traced,Roughly traced
44179,dopamine,0.7421128749847412,acetylcholine,Traced,Roughly traced
44217,glutamate,0.7172741889953613,glutamate,Traced,Roughly traced
44314,dopamine,0.7675088047981262,acetylcholine,Traced,Roughly traced
44398,acetylcholine,0.9657419919967651,acetylcholine,Traced,Roughly traced
44486,glutamate,0.811966061592102,glutamate,Traced,Prelim Roughly traced
44505,acetylcholine,0.9083715081214905,acetylcholine,Traced,Roughly traced
44557,dopamine,0.6723232269287109,acetylcholine,Traced,Roughly traced
44576,glutamate,0.767362117767334,glutamate,Traced,Roughly traced
44619,acetylcholine,0.9578193426132202,acetylcholine,Traced,Roughly traced
44637,acetylcholine,0.6957393884658813,acetylcholine,Traced,Prelim Roughly traced
44648,acetylcholine,0.8803629279136658,acetylcholine,Traced,Prelim Roughly traced
44739,acetylcholine,0.9551559090614319,acetylcholine,Traced,Prelim Roughly traced
44748,dopamine,0.7629563808441162,acetylcholine,Traced,Roughly traced
44785,acetylcholine,0.9544748067855835,acetylcholine,Traced,Roughly traced
44798,glutamate,0.8351134061813354,glutamate,Traced,Prelim Roughly traced
44909,gaba,0.790709912776947,gaba,Traced,Prelim Roughly traced
44940,dopamine,0.78301602602005,acetylcholine,Traced,Roughly traced
45024,dopamine,0.6749753355979919,dopamine,Traced,Roughly traced
45032,dopamine,0.7667614817619324,acetylcholine,Traced,Roughly traced
45388,dopamine,0.669187605381012,acetylcholine,Traced,Roughly traced
45427,octopamine,0.7482763528823853,octopamine,Traced,Roughly traced
45529,dopamine,0.7542307376861572,acetylcholine,Traced,Roughly traced
45553,dopamine,0.7478809356689453,acetylcholine,Traced,Roughly traced
45563,dopamine,0.78617262840271,acetylcholine,Traced,Roughly traced
45633,acetylcholine,0.9460417032241821,acetylcholine,Traced,Roughly traced
45721,dopamine,0.702696681022644,acetylcholine,Traced,Roughly traced
45736,dopamine,0.7416646480560303,acetylcholine,Traced,Roughly traced
45761,dopamine,0.7354570031166077,acetylcholine,Traced,Roughly traced
45773,glutamate,0.8493505120277405,glutamate,Traced,Roughly traced
45872,acetylcholine,0.9253349900245667,acetylcholine,Traced,Prelim Roughly traced
45936,acetylcholine,0.7915099859237671,acetylcholine,Traced,Roughly traced
45998,acetylcholine,0.9310120344161987,acetylcholine,Traced,Roughly traced
46008,glutamate,0.639530599117279,glutamate,Traced,Roughly traced
46056,dopamine,0.744636595249176,acetylcholine,Traced,Roughly traced
46118,dopamine,0.7103701829910278,acetylcholine,Traced,Roughly traced
46195,dopamine,0.7167556285858154,acetylcholine,Traced,Roughly traced
46237,glutamate,0.8019097447395325,glutamate,Traced,Prelim Roughly traced
46277,glutamate,0.784477174282074,glutamate,Traced,Roughly traced
46398,dopamine,0.5780705213546753,acetylcholine,Traced,Roughly traced
46409,acetylcholine,0.9428356289863586,acetylcholine,Traced,Roughly traced
46425,dopamine,0.6495380997657776,acetylcholine,Traced,Roughly traced
46592,dopamine,0.7419952154159546,acetylcholine,Traced,Roughly traced
46693,acetylcholine,0.900154173374176,acetylcholine,Traced,Roughly traced
46743,glutamate,0.8281893730163574,glutamate,Traced,Roughly traced
46764,octopamine,0.7651734948158264,octopamine,Traced,Roughly traced
46788,acetylcholine,0.9232890009880066,acetylcholine,Traced,Roughly traced
46794,dopamine,0.812261164188385,dopamine,Traced,Roughly traced
46924,acetylcholine,0.9380536675453186,acetylcholine,Traced,Roughly traced
47008,acetylcholine,0.844293475151062,acetylcholine,Traced,Roughly traced
47026,dopamine,0.7360154390335083,acetylcholine,Traced,Roughly traced
47196,dopamine,0.9076509475708008,dopamine,Traced,Roughly traced
47231,acetylcholine,0.8703216314315796,acetylcholine,Traced,Roughly traced
47269,acetylcholine,0.9215824604034424,acetylcholine,Traced,Roughly traced
47401,dopamine,0.7741357684135437,acetylcholine,Traced,Roughly traced
47434,glutamate,0.6119204163551331,glutamate,Traced,Prelim Roughly traced
47435,dopamine,0.6587926149368286,acetylcholine,Traced,Roughly traced
47464,gaba,0.8112629652023315,gaba,Traced,Prelim Roughly traced
47470,acetylcholine,0.922083854675293,acetylcholine,Traced,Roughly traced
47601,gaba,0.8290512561798096,gaba,Traced,Prelim Roughly traced
47630,dopamine,0.7511820197105408,acetylcholine,Traced,Roughly traced
47732,dopamine,0.7106732130050659,acetylcholine,Traced,Roughly traced
47737,dopamine,0.6939057111740112,acetylcholine,Traced,Roughly traced
47773,acetylcholine,0.8941799998283386,acetylcholine,Traced,Prelim Roughly traced
47792,acetylcholine,0.897576093673706,acetylcholine,Traced,Prelim Roughly traced
47793,dopamine,0.6732754707336426,acetylcholine,Traced,Roughly traced
47827,acetylcholine,0.9327133297920227,acetylcholine,Traced,Roughly traced
47834,dopamine,0.6759119629859924,acetylcholine,Traced,Roughly traced
47989,acetylcholine,0.9381009936332703,acetylcholine,Traced,Roughly traced
47990,acetylcholine,0.8986473083496094,acetylcholine,Traced,Prelim Roughly traced
48009,dopamine,0.7124290466308594,acetylcholine,Traced,Roughly traced
48021,dopamine,0.785182535648346,acetylcholine,Traced,Roughly traced
48113,dopamine,0.9087854027748108,dopamine,Traced,Roughly traced
48126,gaba,0.6236266493797302,gaba,Traced,Roughly traced
48174,dopamine,0.6569111943244934,acetylcholine,Traced,Roughly traced
48219,dopamine,0.6696985960006714,acetylcholine,Traced,Roughly traced
48228,acetylcholine,0.9033512473106384,acetylcholine,Traced,Prelim Roughly traced
48290,acetylcholine,0.8330486416816711,acetylcholine,Traced,Roughly traced
48443,dopamine,0.6822006702423096,acetylcholine,Traced,Roughly traced
48448,acetylcholine,0.9018966555595398,acetylcholine,Traced,Prelim Roughly traced
48453,gaba,0.7264286279678345,gaba,Traced,Prelim Roughly traced
48517,dopamine,0.6915751099586487,acetylcholine,Traced,Roughly traced
48729,dopamine,0.6800570487976074,acetylcholine,Traced,Roughly traced
48779,dopamine,0.734042763710022,acetylcholine,Traced,Roughly traced
48786,gaba,0.74317467212677,gaba,Traced,Roughly traced
48791,acetylcholine,0.8745317459106445,acetylcholine,Traced,Prelim Roughly traced
48829,dopamine,0.6908109188079834,acetylcholine,Traced,Roughly traced
48839,glutamate,0.7928702235221863,glutamate,Traced,Prelim Roughly traced
48910,acetylcholine,0.9259442687034607,acetylcholine,Traced,Prelim Roughly traced
48912,dopamine,0.7307429313659668,acetylcholine,Traced,Roughly traced
48975,dopamine,0.6832243800163269,acetylcholine,Traced,Roughly traced
49073,dopamine,0.7622362375259399,acetylcholine,Traced,Roughly traced
49204,acetylcholine,0.9395784139633179,acetylcholine,Traced,Roughly traced
49262,gaba,0.7905349731445312,gaba,Traced,Prelim Roughly traced
49354,dopamine,0.7291750907897949,acetylcholine,Traced,Roughly traced
49365,dopamine,0.7586584687232971,acetylcholine,Traced,Roughly traced
49425,acetylcholine,0.9459301829338074,acetylcholine,Traced,Roughly traced
49464,acetylcholine,0.9500849843025208,acetylcholine,Traced,Prelim Roughly traced
49594,dopamine,0.7938104271888733,acetylcholine,Traced,Roughly traced
49603,glutamate,0.6341109275817871,glutamate,Traced,Roughly traced
49618,glutamate,0.7453122138977051,glutamate,Traced,Roughly traced
49661,dopamine,0.7243547439575195,acetylcholine,Traced,Roughly traced
49692,acetylcholine,0.9524853825569153,acetylcholine,Traced,Roughly traced
49750,dopamine,0.775149941444397,acetylcholine,Traced,Roughly traced
49752,dopamine,0.748168408870697,acetylcholine,Traced,Roughly traced
49774,dopamine,0.6978238224983215,acetylcholine,Traced,Roughly traced
49899,dopamine,0.731092095375061,acetylcholine,Traced,Roughly traced
49916,glutamate,0.8326142430305481,glutamate,Traced,Roughly traced
49959,glutamate,0.7085180878639221,glutamate,Traced,Prelim Roughly traced
49978,dopamine,0.6994141936302185,acetylcholine,Traced,Roughly traced
49987,dopamine,0.756403386592865,acetylcholine,Traced,Roughly traced
50057,dopamine,0.6646108031272888,acetylcholine,Traced,Roughly traced
50065,dopamine,0.6933112740516663,acetylcholine,Traced,Roughly traced
50123,dopamine,0.6838192343711853,acetylcholine,Traced,Roughly traced
50427,dopamine,0.7771542072296143,acetylcholine,Traced,Roughly traced
50454,dopamine,0.683169424533844,acetylcholine,Traced,Roughly traced
50583,glutamate,0.8339132070541382,glutamate,Traced,Prelim Roughly traced
50659,dopamine,0.7177419066429138,acetylcholine,Traced,Roughly traced
50662,glutamate,0.671151876449585,glutamate,Traced,Roughly traced
50709,gaba,0.8193079233169556,gaba,Traced,Roughly traced
50740,glutamate,0.8042440414428711,glutamate,Traced,Prelim Roughly traced
50746,dopamine,0.7144792675971985,acetylcholine,Traced,Roughly traced
50750,glutamate,0.8127831220626831,glutamate,Traced,Prelim Roughly traced
50776,dopamine,0.8170554637908936,acetylcholine,Traced,Roughly traced
50808,gaba,0.8581598997116089,gaba,Traced,Prelim Roughly traced
50839,dopamine,0.7446642518043518,acetylcholine,Traced,Roughly traced
50888,gaba,0.8946369886398315,gaba,Traced,Roughly traced
50911,gaba,0.7232624292373657,gaba,Traced,Prelim Roughly traced
51010,dopamine,0.6764103174209595,acetylcholine,Traced,Roughly traced
51054,dopamine,0.7116007208824158,acetylcholine,Traced,Roughly traced
51093,dopamine,0.7473368048667908,acetylcholine,Traced,Roughly traced
51096,acetylcholine,0.8914192914962769,acetylcholine,Traced,Prelim Roughly traced
51113,dopamine,0.7295113205909729,acetylcholine,Traced,Roughly traced
51116,acetylcholine,0.5867797136306763,acetylcholine,Traced,Roughly traced
51168,acetylcholine,0.9515119194984436,acetylcholine,Traced,Prelim Roughly traced
51254,dopamine,0.7732855677604675,acetylcholine,Traced,Roughly traced
51302,acetylcholine,0.9521939754486084,acetylcholine,Traced,Prelim Roughly traced
51314,glutamate,0.7937731742858887,glutamate,Traced,Roughly traced
51318,dopamine,0.7310889363288879,acetylcholine,Traced,Roughly traced
51383,dopamine,0.6754388809204102,acetylcholine,Traced,Roughly traced
51394,dopamine,0.6977012753486633,acetylcholine,Traced,Roughly traced
51426,glutamate,0.7940810322761536,glutamate,Traced,Roughly traced
51428,dopamine,0.7300400733947754,acetylcholine,Traced,Roughly traced
51518,acetylcholine,0.9310356974601746,acetylcholine,Traced,Prelim Roughly traced
51539,acetylcholine,0.8324387073516846,acetylcholine,Traced,Roughly traced
51548,glutamate,0.7201988697052002,glutamate,Traced,Roughly traced
51555,octopamine,0.7673172354698181,octopamine,Traced,Roughly traced
51556,dopamine,0.6627156138420105,acetylcholine,Traced,Roughly traced
51600,dopamine,0.6474379301071167,acetylcholine,Traced,Roughly traced
51609,acetylcholine,0.9552673697471619,acetylcholine,Traced,Roughly traced
51686,dopamine,0.694854199886322,acetylcholine,Traced,Roughly traced
51688,dopamine,0.746482789516449,acetylcholine,Traced,Roughly traced
51710,glutamate,0.7669285535812378,glutamate,Traced,Roughly traced
51745,dopamine,0.7225006818771362,acetylcholine,Traced,Roughly traced
51753,dopamine,0.6809486150741577,acetylcholine,Traced,Roughly traced
51851,acetylcholine,0.9234151840209961,acetylcholine,Traced,Prelim Roughly traced
51883,dopamine,0.7400801777839661,acetylcholine,Traced,Roughly traced
51894,dopamine,0.7077028751373291,acetylcholine,Traced,Roughly traced
51901,acetylcholine,0.856053352355957,acetylcholine,Traced,Roughly traced
52035,glutamate,0.8413421511650085,glutamate,Traced,Roughly traced
52140,dopamine,0.7068526744842529,acetylcholine,Traced,Roughly traced
52156,dopamine,0.7505350708961487,acetylcholine,Traced,Roughly traced
52190,glutamate,0.828829288482666,glutamate,Traced,Prelim Roughly traced
52267,dopamine,0.6379641890525818,acetylcholine,Traced,Roughly traced
52337,dopamine,0.745191752910614,acetylcholine,Traced,Roughly traced
52342,gaba,0.7235984206199646,gaba,Traced,Prelim Roughly traced
52397,glutamate,0.558366596698761,glutamate,Traced,Roughly traced
52460,gaba,0.7401804327964783,gaba,Traced,Prelim Roughly traced
52465,acetylcholine,0.9608546495437622,acetylcholine,Traced,Roughly traced
52518,dopamine,0.7077810168266296,acetylcholine,Traced,Roughly traced
52533,acetylcholine,0.9301765561103821,acetylcholine,Traced,Prelim Roughly traced
52567,glutamate,0.7721911072731018,glutamate,Traced,Roughly traced
52581,dopamine,0.6538795232772827,acetylcholine,Traced,Roughly traced
52613,dopamine,0.7069801688194275,acetylcholine,Traced,Roughly traced
52680,glutamate,0.8589041233062744,glutamate,Traced,Prelim Roughly traced
52706,dopamine,0.7200063467025757,acetylcholine,Traced,Roughly traced
52728,glutamate,0.7549086213111877,glutamate,Traced,Prelim Roughly traced
52789,dopamine,0.7516996264457703,acetylcholine,Traced,Roughly traced
52793,glutamate,0.8358630537986755,glutamate,Traced,Prelim Roughly traced
52811,acetylcholine,0.9583555459976196,acetylcholine,Traced,Roughly traced
52865,acetylcholine,0.9336328506469727,acetylcholine,Traced,Roughly traced
52877,dopamine,0.6822966933250427,acetylcholine,Traced,Roughly traced
52899,glutamate,0.8260909914970398,glutamate,Traced,Roughly traced
52907,dopamine,0.7596032619476318,acetylcholine,Traced,Roughly traced
52933,dopamine,0.7124398350715637,acetylcholine,Traced,Roughly traced
52965,acetylcholine,0.9481124877929688,acetylcholine,Traced,Roughly traced
52972,dopamine,0.7504271268844604,acetylcholine,Traced,Roughly traced
53014,dopamine,0.6764688491821289,acetylcholine,Traced,Roughly traced
53050,dopamine,0.7394055724143982,acetylcholine,Traced,Roughly traced
53144,dopamine,0.7408691644668579,acetylcholine,Traced,Roughly traced
53173,dopamine,0.7963746190071106,acetylcholine,Traced,Roughly traced
53178,dopamine,0.7453413009643555,acetylcholine,Traced,Roughly traced
53220,glutamate,0.7572330832481384,glutamate,Traced,Prelim Roughly traced
53221,dopamine,0.7513757944107056,acetylcholine,Traced,Roughly traced
53250,dopamine,0.698466420173645,acetylcholine,Traced,Roughly traced
53267,dopamine,0.7466360330581665,acetylcholine,Traced,Roughly traced
53321,acetylcholine,0.9159774780273438,acetylcholine,Traced,Prelim Roughly traced
53382,dopamine,0.6812499761581421,acetylcholine,Traced,Roughly traced
53424,acetylcholine,0.947625458240509,acetylcholine,Traced,Prelim Roughly traced
53448,dopamine,0.6961632966995239,acetylcholine,Traced,Roughly traced
53472,dopamine,0.7056984901428223,acetylcholine,Traced,Roughly traced
53535,dopamine,0.6838905811309814,acetylcholine,Traced,Roughly traced
53592,dopamine,0.7127808928489685,acetylcholine,Traced,Roughly traced
53645,dopamine,0.7211740016937256,acetylcholine,Traced,Roughly traced
53655,dopamine,0.77076256275177,acetylcholine,Traced,Roughly traced
53686,dopamine,0.6960816979408264,acetylcholine,Traced,Roughly traced
53688,dopamine,0.7630247473716736,acetylcholine,Traced,Roughly traced
53766,dopamine,0.6944290399551392,acetylcholine,Traced,Roughly traced
53818,gaba,0.7758122682571411,gaba,Traced,Prelim Roughly traced
53833,dopamine,0.7014895677566528,acetylcholine,Traced,Roughly traced
53851,dopamine,0.7200134992599487,acetylcholine,Traced,Roughly traced
53863,dopamine,0.7357023358345032,acetylcholine,Traced,Roughly traced
53914,dopamine,0.6729658842086792,acetylcholine,Traced,Roughly traced
53957,dopamine,0.7487002015113831,acetylcholine,Traced,Roughly traced
53972,gaba,0.7333080768585205,gaba,Traced,Prelim Roughly traced
53994,dopamine,0.730061948299408,acetylcholine,Traced,Roughly traced
54098,unclear,0.43527013063430786,unclear,Traced,Prelim Roughly traced
54124,glutamate,0.8284450173377991,glutamate,Traced,Prelim Roughly traced
54149,glutamate,0.8605015873908997,glutamate,Traced,Roughly traced
54192,dopamine,0.7285093665122986,acetylcholine,Traced,Roughly traced
54207,acetylcholine,0.8643693923950195,acetylcholine,Traced,Roughly traced
54284,glutamate,0.8348808884620667,glutamate,Traced,Prelim Roughly traced
54285,acetylcholine,0.9241771101951599,acetylcholine,Traced,Prelim Roughly traced
54332,gaba,0.7559691071510315,gaba,Traced,Prelim Roughly traced
54345,dopamine,0.794415295124054,acetylcholine,Traced,Roughly traced
54661,dopamine,0.7951635122299194,acetylcholine,Traced,Roughly traced
54702,dopamine,0.6991225481033325,acetylcholine,Traced,Roughly traced
54757,serotonin,0.6406943798065186,unclear,Traced,Prelim Roughly traced
54911,acetylcholine,0.9179674983024597,acetylcholine,Traced,Roughly traced
54917,glutamate,0.8129017949104309,glutamate,Traced,Prelim Roughly traced
54957,dopamine,0.6773446798324585,acetylcholine,Traced,Roughly traced
54996,dopamine,0.7701523900032043,acetylcholine,Traced,Roughly traced
55083,dopamine,0.6555368304252625,acetylcholine,Traced,Roughly traced
55111,glutamate,0.7571477293968201,glutamate,Traced,Prelim Roughly traced
55141,dopamine,0.756836473941803,acetylcholine,Traced,Roughly traced
55210,dopamine,0.8801944255828857,dopamine,Traced,Prelim Roughly traced
55216,dopamine,0.7399400472640991,acetylcholine,Traced,Roughly traced
55227,dopamine,0.7016225457191467,acetylcholine,Traced,Roughly traced
55319,glutamate,0.7478212714195251,glutamate,Traced,Roughly traced
55423,acetylcholine,0.9026978015899658,acetylcholine,Traced,Prelim Roughly traced
55431,acetylcholine,0.9366031885147095,acetylcholine,Traced,Prelim Roughly traced
55460,dopamine,0.7312604188919067,acetylcholine,Traced,Roughly traced
55461,acetylcholine,0.8863406777381897,acetylcholine,Traced,Roughly traced
55504,acetylcholine,0.9614409804344177,acetylcholine,Traced,Roughly traced
55508,glutamate,0.5447598695755005,glutamate,Traced,Roughly traced
55528,dopamine,0.8039692044258118,acetylcholine,Traced,Roughly traced
55543,acetylcholine,0.8966779708862305,acetylcholine,Traced,Prelim Roughly traced
55552,glutamate,0.8356099724769592,glutamate,Traced,Prelim Roughly traced
55656,acetylcholine,0.9175662398338318,acetylcholine,Traced,Prelim Roughly traced
55733,glutamate,0.7692002058029175,glutamate,Traced,Prelim Roughly traced
55755,dopamine,0.7107712626457214,acetylcholine,Traced,Roughly traced
55919,dopamine,0.6493346095085144,acetylcholine,Traced,Roughly traced
55946,dopamine,0.7330033183097839,acetylcholine,Traced,Roughly traced
55953,glutamate,0.6601548790931702,glutamate,Traced,Roughly traced
56000,dopamine,0.6692841649055481,acetylcholine,Traced,Roughly traced
56130,dopamine,0.6974680423736572,acetylcholine,Traced,Roughly traced
56236,acetylcholine,0.8581807613372803,acetylcholine,Traced,Prelim Roughly traced
56274,dopamine,0.7268869876861572,acetylcholine,Traced,Prelim Roughly traced
56327,glutamate,0.8381426334381104,glutamate,Traced,Roughly traced
56350,glutamate,0.608049750328064,glutamate,Traced,Roughly traced
56460,gaba,0.7034537196159363,gaba,Traced,Prelim Roughly traced
56461,dopamine,0.7473168969154358,acetylcholine,Traced,Roughly traced
56537,glutamate,0.78062903881073,glutamate,Traced,Prelim Roughly traced
56567,glutamate,0.7622748017311096,glutamate,Traced,Roughly traced
56629,glutamate,0.8136820793151855,glutamate,Traced,Prelim Roughly traced
56749,dopamine,0.7045990824699402,acetylcholine,Traced,Roughly traced
56936,dopamine,0.7582305073738098,acetylcholine,Traced,Roughly traced
56943,dopamine,0.7049822211265564,acetylcholine,Traced,Roughly traced
57015,dopamine,0.7347388863563538,acetylcholine,Traced,Roughly traced
57048,glutamate,0.7888964414596558,glutamate,Traced,Roughly traced
57091,glutamate,0.8091751933097839,glutamate,Traced,Prelim Roughly traced
57106,dopamine,0.6460779309272766,acetylcholine,Traced,Roughly traced
57171,dopamine,0.6576906442642212,acetylcholine,Traced,Roughly traced
57179,dopamine,0.7755408883094788,acetylcholine,Traced,Roughly traced
57219,dopamine,0.790017306804657,acetylcholine,Traced,Roughly traced
57278,glutamate,0.7428961396217346,glutamate,Traced,Roughly traced
57314,dopamine,0.7544921040534973,acetylcholine,Traced,Roughly traced
57341,dopamine,0.6831305027008057,acetylcholine,Traced,Roughly traced
57355,dopamine,0.704024076461792,acetylcholine,Traced,Roughly traced
57356,dopamine,0.7533838152885437,acetylcholine,Traced,Roughly traced
57403,dopamine,0.710542619228363,acetylcholine,Traced,Roughly traced
57425,dopamine,0.8258562684059143,acetylcholine,Traced,Roughly traced
57498,dopamine,0.7525906562805176,acetylcholine,Traced,Roughly traced
57527,glutamate,0.7542324662208557,glutamate,Traced,Prelim Roughly traced
57532,dopamine,0.7004238367080688,acetylcholine,Traced,Roughly traced
57591,acetylcholine,0.9104549288749695,acetylcholine,Traced,Roughly traced
57669,dopamine,0.7460464239120483,acetylcholine,Traced,Roughly traced
57729,dopamine,0.6823240518569946,acetylcholine,Traced,Roughly traced
57786,acetylcholine,0.9407455325126648,acetylcholine,Traced,Roughly traced
57863,acetylcholine,0.796115517616272,acetylcholine,Traced,Roughly traced
57865,dopamine,0.7055206298828125,acetylcholine,Traced,Roughly traced
57879,dopamine,0.7278589010238647,acetylcholine,Traced,Roughly traced
57935,unclear,0.46939340233802795,acetylcholine,Traced,Roughly traced
57977,dopamine,0.694527268409729,acetylcholine,Traced,Roughly traced
58013,dopamine,0.7070509195327759,acetylcholine,Traced,Roughly traced
58014,dopamine,0.7075680494308472,acetylcholine,Traced,Roughly traced
58039,glutamate,0.7921071648597717,glutamate,Traced,Roughly traced
58053,acetylcholine,0.9327496886253357,acetylcholine,Traced,Roughly traced
58111,dopamine,0.6915815472602844,acetylcholine,Traced,Roughly traced
58130,dopamine,0.675370454788208,acetylcholine,Traced,Roughly traced
58169,dopamine,0.5927653908729553,acetylcholine,Traced,Roughly traced
58172,acetylcholine,0.8558565378189087,acetylcholine,Traced,Roughly traced
58206,glutamate,0.7966932654380798,glutamate,Traced,Prelim Roughly traced
58295,dopamine,0.691064178943634,acetylcholine,Traced,Roughly traced
58366,acetylcholine,0.958048403263092,acetylcholine,Traced,Roughly traced
58401,acetylcholine,0.9356558322906494,acetylcholine,Traced,Roughly traced
58501,dopamine,0.7881799936294556,acetylcholine,Traced,Roughly traced
58525,acetylcholine,0.8747787475585938,acetylcholine,Traced,Prelim Roughly traced
58550,acetylcholine,0.9193560481071472,acetylcholine,Traced,Prelim Roughly traced
58552,glutamate,0.6408656239509583,glutamate,Traced,Roughly traced
58570,dopamine,0.7559069991111755,acetylcholine,Traced,Roughly traced
58786,acetylcholine,0.9150450825691223,acetylcholine,Traced,Roughly traced
58805,dopamine,0.6700129508972168,acetylcholine,Traced,Roughly traced
58909,acetylcholine,0.9526067972183228,acetylcholine,Traced,Roughly traced
58950,dopamine,0.7551664710044861,acetylcholine,Traced,Roughly traced
58971,acetylcholine,0.950072169303894,acetylcholine,Traced,Roughly traced
59033,glutamate,0.8660259246826172,glutamate,Traced,Roughly traced
59090,dopamine,0.6613287329673767,acetylcholine,Traced,Roughly traced
59226,acetylcholine,0.9414591789245605,acetylcholine,Traced,Roughly traced
59261,dopamine,0.7213079929351807,acetylcholine,Traced,Roughly traced
59320,dopamine,0.7491422891616821,acetylcholine,Traced,Roughly traced
59379,acetylcholine,0.9054967761039734,acetylcholine,Traced,Roughly traced
59401,acetylcholine,0.8343274593353271,acetylcholine,Traced,Prelim Roughly traced
59453,acetylcholine,0.9114030599594116,acetylcholine,Traced,Roughly traced
59485,glutamate,0.8049719929695129,glutamate,Traced,Roughly traced
59525,acetylcholine,0.9259058237075806,acetylcholine,Traced,Roughly traced
59694,glutamate,0.7882599830627441,glutamate,Traced,Prelim Roughly traced
59715,dopamine,0.7197820544242859,acetylcholine,Traced,Roughly traced
59765,dopamine,0.6624199151992798,acetylcholine,Traced,Roughly traced
59787,dopamine,0.6711841821670532,acetylcholine,Traced,Roughly traced
59813,acetylcholine,0.9038541913032532,acetylcholine,Traced,Roughly traced
59818,dopamine,0.7459792494773865,acetylcholine,Traced,Roughly traced
59841,acetylcholine,0.5112559199333191,acetylcholine,Traced,Prelim Roughly traced
59872,acetylcholine,0.9170630574226379,acetylcholine,Traced,Prelim Roughly traced
59882,acetylcholine,0.8911972045898438,acetylcholine,Traced,Roughly traced
59901,dopamine,0.6985592842102051,acetylcholine,Traced,Roughly traced
59973,acetylcholine,0.9361607432365417,acetylcholine,Traced,Prelim Roughly traced
59978,dopamine,0.7539046406745911,acetylcholine,Traced,Prelim Roughly traced
59994,acetylcholine,0.7907757759094238,acetylcholine,Traced,Roughly traced
60098,dopamine,0.7192915678024292,acetylcholine,Traced,Roughly traced
60262,gaba,0.5580726861953735,gaba,Traced,Roughly traced
60314,dopamine,0.6571950316429138,acetylcholine,Traced,Roughly traced
60329,dopamine,0.6876695156097412,acetylcholine,Traced,Prelim Roughly traced
60344,dopamine,0.7475589513778687,acetylcholine,Traced,Roughly traced
60354,dopamine,0.7261524796485901,acetylcholine,Traced,Roughly traced
60421,acetylcholine,0.9406746625900269,acetylcholine,Traced,Prelim Roughly traced
60443,dopamine,0.7723008394241333,acetylcholine,Traced,Roughly traced
60468,glutamate,0.7768585681915283,glutamate,Traced,Prelim Roughly traced
60505,dopamine,0.6990233063697815,acetylcholine,Traced,Roughly traced
60624,acetylcholine,0.9082090258598328,acetylcholine,Traced,Roughly traced
60685,glutamate,0.5246968269348145,unclear,Traced,Roughly traced
60689,acetylcholine,0.8682605028152466,acetylcholine,Traced,Roughly traced
60708,dopamine,0.7375159859657288,acetylcholine,Traced,Roughly traced
60729,dopamine,0.6725324988365173,acetylcholine,Traced,Roughly traced
60768,dopamine,0.7629815340042114,acetylcholine,Traced,Prelim Roughly traced
60890,dopamine,0.7577961087226868,acetylcholine,Traced,Roughly traced
60892,glutamate,0.7928150296211243,glutamate,Traced,Prelim Roughly traced
60930,dopamine,0.9091204404830933,dopamine,Traced,Roughly traced
60960,dopamine,0.7533444166183472,acetylcholine,Traced,Roughly traced
60983,dopamine,0.7387180924415588,acetylcholine,Traced,Roughly traced
60998,glutamate,0.727135181427002,glutamate,Traced,Prelim Roughly traced
61033,dopamine,0.7809868454933167,acetylcholine,Traced,Roughly traced
61115,dopamine,0.6950136423110962,acetylcholine,Traced,Roughly traced
61167,acetylcholine,0.9316138029098511,acetylcholine,Traced,Prelim Roughly traced
61339,dopamine,0.7276312708854675,acetylcholine,Traced,Roughly traced
61360,dopamine,0.9032382965087891,dopamine,Traced,Roughly traced
61398,unclear,0.42047861218452454,acetylcholine,Traced,Roughly traced
61464,dopamine,0.696751594543457,acetylcholine,Traced,Roughly traced
61475,dopamine,0.7069916725158691,acetylcholine,Traced,Roughly traced
61499,acetylcholine,0.972591757774353,acetylcholine,Traced,Prelim Roughly traced
61555,dopamine,0.704288899898529,acetylcholine,Traced,Roughly traced
61779,acetylcholine,0.8852687478065491,acetylcholine,Traced,Roughly traced
61806,dopamine,0.7478935122489929,acetylcholine,Traced,Roughly traced
61845,octopamine,0.7717338800430298,octopamine,Traced,Roughly traced
61878,acetylcholine,0.8113524317741394,acetylcholine,Traced,Roughly traced
61894,acetylcholine,0.9553993344306946,acetylcholine,Traced,Roughly traced
61936,dopamine,0.7070542573928833,acetylcholine,Traced,Roughly traced
61938,dopamine,0.7505803108215332,acetylcholine,Traced,Roughly traced
61947,dopamine,0.650307297706604,acetylcholine,Traced,Roughly traced
61951,acetylcholine,0.793099582195282,acetylcholine,Traced,Prelim Roughly traced
61962,dopamine,0.7804827690124512,acetylcholine,Traced,Prelim Roughly traced
61978,acetylcholine,0.7576281428337097,acetylcholine,Traced,Prelim Roughly traced
61981,dopamine,0.7485340237617493,acetylcholine,Traced,Prelim Roughly traced
62029,glutamate,0.8130213618278503,glutamate,Traced,Prelim Roughly traced
62057,dopamine,0.6560788750648499,acetylcholine,Traced,Roughly traced
62062,dopamine,0.6556450724601746,acetylcholine,Traced,Prelim Roughly traced
62087,dopamine,0.6728647351264954,acetylcholine,Traced,Roughly traced
62159,dopamine,0.7875238060951233,acetylcholine,Traced,Prelim Roughly traced
62162,gaba,0.8205332159996033,gaba,Traced,Roughly traced
62262,acetylcholine,0.7717667818069458,acetylcholine,Traced,Roughly traced
62457,dopamine,0.6703903675079346,acetylcholine,Traced,Roughly traced
62471,dopamine,0.7881378531455994,acetylcholine,Traced,Roughly traced
62517,dopamine,0.6903780102729797,acetylcholine,Traced,Roughly traced
62540,glutamate,0.7447901368141174,glutamate,Traced,Roughly traced
62577,acetylcholine,0.9413172602653503,acetylcholine,Traced,Roughly traced
62624,dopamine,0.7626184225082397,acetylcholine,Traced,Roughly traced
62643,dopamine,0.7560802102088928,acetylcholine,Traced,Prelim Roughly traced
62645,dopamine,0.7129793763160706,acetylcholine,Traced,Prelim Roughly traced
62731,dopamine,0.8987177014350891,dopamine,Traced,Prelim Roughly traced
62733,dopamine,0.7665551900863647,acetylcholine,Traced,Roughly traced
62840,dopamine,0.7339286208152771,acetylcholine,Traced,Roughly traced
62891,dopamine,0.6813368797302246,acetylcholine,Traced,Prelim Roughly traced
62905,dopamine,0.7001561522483826,acetylcholine,Traced,Roughly traced
62916,acetylcholine,0.9566401243209839,acetylcholine,Traced,Roughly traced
63025,glutamate,0.811355710029602,glutamate,Traced,Roughly traced
63066,acetylcholine,0.7556785345077515,acetylcholine,Traced,Roughly traced
63156,dopamine,0.7908837795257568,acetylcholine,Traced,Roughly traced
63166,acetylcholine,0.8255484104156494,acetylcholine,Traced,Prelim Roughly traced
63169,acetylcholine,0.8864457607269287,acetylcholine,Traced,Prelim Roughly traced
63189,dopamine,0.7599953413009644,acetylcholine,Traced,Prelim Roughly traced
63370,dopamine,0.7339504361152649,acetylcholine,Traced,Roughly traced
63380,dopamine,0.7027812600135803,acetylcholine,Traced,Roughly traced
63391,dopamine,0.8629269003868103,dopamine,Traced,Roughly traced
63394,dopamine,0.7492399215698242,acetylcholine,Traced,Prelim Roughly traced
63395,glutamate,0.7822206020355225,glutamate,Traced,Roughly traced
63499,dopamine,0.6606975793838501,acetylcholine,Traced,Roughly traced
63506,dopamine,0.7595192790031433,acetylcholine,Traced,Prelim Roughly traced
63508,dopamine,0.7288933396339417,acetylcholine,Traced,Prelim Roughly traced
63536,acetylcholine,0.8919216394424438,acetylcholine,Traced,Roughly traced
63629,dopamine,0.7184367179870605,acetylcholine,Traced,Prelim Roughly traced
63671,unclear,0.4081867039203644,unclear,Traced,Roughly traced
63680,acetylcholine,0.9524976015090942,acetylcholine,Traced,Prelim Roughly traced
63794,dopamine,0.6866381764411926,acetylcholine,Traced,Roughly traced
63823,dopamine,0.7026425004005432,acetylcholine,Traced,Roughly traced
63998,gaba,0.6285213828086853,gaba,Traced,Prelim Roughly traced
64005,dopamine,0.642465353012085,acetylcholine,Traced,Roughly traced
64093,glutamate,0.8242985606193542,glutamate,Traced,Prelim Roughly traced
64141,dopamine,0.7364575266838074,acetylcholine,Traced,Roughly traced
64163,acetylcholine,0.9607273936271667,acetylcholine,Traced,Prelim Roughly traced
64196,dopamine,0.7195401787757874,acetylcholine,Traced,Roughly traced
64253,dopamine,0.7404597997665405,acetylcholine,Traced,Roughly traced
64429,acetylcholine,0.92302006483078,acetylcholine,Traced,Prelim Roughly traced
64620,acetylcholine,0.8629274964332581,acetylcholine,Traced,Prelim Roughly traced
64638,glutamate,0.747313380241394,glutamate,Traced,Prelim Roughly traced
64645,dopamine,0.7301428318023682,acetylcholine,Traced,Roughly traced
64653,dopamine,0.7148784399032593,acetylcholine,Traced,Roughly traced
64782,dopamine,0.6991826295852661,acetylcholine,Traced,Roughly traced
64794,dopamine,0.7732396721839905,acetylcholine,Traced,Roughly traced
64839,glutamate,0.8685615658760071,glutamate,Traced,Prelim Roughly traced
64843,glutamate,0.8684942722320557,glutamate,Traced,Prelim Roughly traced
64876,acetylcholine,0.8994944095611572,acetylcholine,Traced,Roughly traced
64923,gaba,0.6252490878105164,gaba,Traced,Prelim Roughly traced
65001,gaba,0.7048202753067017,gaba,Traced,Prelim Roughly traced
65121,dopamine,0.7496286630630493,acetylcholine,Traced,Prelim Roughly traced
65193,glutamate,0.7214407324790955,glutamate,Traced,Prelim Roughly traced
65196,glutamate,0.7482196092605591,glutamate,Traced,Prelim Roughly traced
65205,dopamine,0.7536440491676331,acetylcholine,Traced,Roughly traced
65206,dopamine,0.7403066754341125,acetylcholine,Traced,Roughly traced
65207,acetylcholine,0.9468379020690918,acetylcholine,Traced,Prelim Roughly traced
65332,gaba,0.6347194910049438,gaba,Traced,Prelim Roughly traced
65379,dopamine,0.7485693693161011,acetylcholine,Traced,Prelim Roughly traced
65404,dopamine,0.7022283673286438,acetylcholine,Traced,Roughly traced
65420,dopamine,0.6599595546722412,acetylcholine,Traced,Roughly traced
65427,dopamine,0.7387094497680664,acetylcholine,Traced,Prelim Roughly traced
65446,dopamine,0.7139338254928589,acetylcholine,Traced,Roughly traced
65483,dopamine,0.7787562608718872,acetylcholine,Traced,Roughly traced
65500,dopamine,0.7034493088722229,acetylcholine,Traced,Roughly traced
65559,dopamine,0.9184014797210693,dopamine,Traced,Roughly traced
65685,glutamate,0.8233137130737305,glutamate,Traced,Prelim Roughly traced
65712,dopamine,0.7889054417610168,acetylcholine,Traced,Roughly traced
65729,dopamine,0.7513347864151001,acetylcholine,Traced,Roughly traced
65768,dopamine,0.6939072608947754,acetylcholine,Traced,Roughly traced
65825,glutamate,0.8155392408370972,glutamate,Traced,Prelim Roughly traced
65854,dopamine,0.6476267576217651,acetylcholine,Traced,Roughly traced
65940,dopamine,0.7871218323707581,acetylcholine,Traced,Roughly traced
65949,acetylcholine,0.9216901659965515,acetylcholine,Traced,Roughly traced
65965,dopamine,0.7284324169158936,acetylcholine,Traced,Prelim Roughly traced
65977,dopamine,0.7715280652046204,acetylcholine,Traced,Roughly traced
66015,dopamine,0.7784495949745178,acetylcholine,Traced,Roughly traced
66017,glutamate,0.8512328863143921,glutamate,Traced,Roughly traced
66067,acetylcholine,0.7681817412376404,acetylcholine,Traced,Prelim Roughly traced
66073,dopamine,0.676155149936676,acetylcholine,Traced,Roughly traced
66137,dopamine,0.7314808368682861,acetylcholine,Traced,Roughly traced
66171,dopamine,0.7433955073356628,acetylcholine,Traced,Roughly traced
66219,dopamine,0.7271392345428467,acetylcholine,Traced,Prelim Roughly traced
66265,glutamate,0.860131025314331,glutamate,Traced,Roughly traced
66272,glutamate,0.7357280850410461,glutamate,Traced,Prelim Roughly traced
66387,dopamine,0.7698899507522583,acetylcholine,Traced,Roughly traced
66583,dopamine,0.7587178349494934,acetylcholine,Traced,Prelim Roughly traced
66601,dopamine,0.7643595337867737,acetylcholine,Traced,Prelim Roughly traced
66782,glutamate,0.7887128591537476,glutamate,Traced,Prelim Roughly traced
66837,glutamate,0.8508062958717346,glutamate,Traced,Roughly traced
66891,dopamine,0.7737697958946228,acetylcholine,Traced,Roughly traced
66934,dopamine,0.9105813503265381,dopamine,Traced,Roughly traced
66936,glutamate,0.782867968082428,glutamate,Traced,Prelim Roughly traced
66977,glutamate,0.7863699793815613,glutamate,Traced,Roughly traced
67120,dopamine,0.7336929440498352,acetylcholine,Traced,Prelim Roughly traced
67254,acetylcholine,0.9388007521629333,acetylcholine,Traced,Roughly traced
67274,dopamine,0.7788560390472412,acetylcholine,Traced,Roughly traced
67285,acetylcholine,0.7399905920028687,acetylcholine,Traced,Prelim Roughly traced
67337,dopamine,0.7452661395072937,acetylcholine,Traced,Prelim Roughly traced
67344,dopamine,0.7281143069267273,acetylcholine,Traced,Roughly traced
67359,dopamine,0.7098759412765503,acetylcholine,Traced,Roughly traced
67392,glutamate,0.784862756729126,glutamate,Traced,Roughly traced
67474,dopamine,0.7141909599304199,acetylcholine,Traced,Roughly traced
67535,dopamine,0.8177791833877563,acetylcholine,Traced,Roughly traced
67540,glutamate,0.7940192222595215,glutamate,Traced,Roughly traced
67543,dopamine,0.6766152381896973,acetylcholine,Traced,Roughly traced
67544,dopamine,0.7220159769058228,acetylcholine,Traced,Roughly traced
67581,dopamine,0.7106869220733643,acetylcholine,Traced,Roughly traced
67606,acetylcholine,0.9427250623703003,acetylcholine,Traced,Roughly traced
67654,dopamine,0.7484102249145508,acetylcholine,Traced,Roughly traced
67665,dopamine,0.7327082753181458,acetylcholine,Traced,Roughly traced
67671,dopamine,0.6859574913978577,acetylcholine,Traced,Roughly traced
67686,dopamine,0.7591397166252136,acetylcholine,Traced,Roughly traced
67696,dopamine,0.8167864680290222,acetylcholine,Traced,Roughly traced
67703,acetylcholine,0.912641167640686,acetylcholine,Traced,Prelim Roughly traced
67717,acetylcholine,0.79805988073349,acetylcholine,Traced,Roughly traced
67721,dopamine,0.7570427060127258,acetylcholine,Traced,Prelim Roughly traced
67822,acetylcholine,0.9356740713119507,acetylcholine,Traced,Prelim Roughly traced
67864,glutamate,0.7755951285362244,glutamate,Traced,Roughly traced
67868,acetylcholine,0.8292315006256104,acetylcholine,Traced,Prelim Roughly traced
67919,dopamine,0.7597556710243225,acetylcholine,Traced,Roughly traced
67977,dopamine,0.7825914621353149,acetylcholine,Traced,Roughly traced
68010,dopamine,0.6508396863937378,acetylcholine,Traced,Roughly traced
68084,glutamate,0.6223204135894775,glutamate,Traced,Prelim Roughly traced
68098,dopamine,0.6800243854522705,acetylcholine,Traced,Roughly traced
68101,acetylcholine,0.8494808673858643,acetylcholine,Traced,Prelim Roughly traced
68137,dopamine,0.749980092048645,acetylcholine,Traced,Prelim Roughly traced
68144,glutamate,0.7329471111297607,glutamate,Traced,Prelim Roughly traced
68176,dopamine,0.7345466017723083,acetylcholine,Traced,Prelim Roughly traced
68265,dopamine,0.6623589992523193,acetylcholine,Traced,Roughly traced
68287,dopamine,0.754425048828125,acetylcholine,Traced,Roughly traced
68334,dopamine,0.731420636177063,acetylcholine,Traced,Roughly traced
68352,acetylcholine,0.9604318737983704,acetylcholine,Traced,Roughly traced
68428,dopamine,0.7317482829093933,acetylcholine,Traced,Roughly traced
68495,dopamine,0.7698768973350525,acetylcholine,Traced,Roughly traced
68572,acetylcholine,0.8416232466697693,acetylcholine,Traced,Prelim Roughly traced
68585,dopamine,0.7849972248077393,acetylcholine,Traced,Roughly traced
68635,dopamine,0.7489184141159058,acetylcholine,Traced,Prelim Roughly traced
68648,glutamate,0.8600162267684937,glutamate,Traced,Prelim Roughly traced
68737,dopamine,0.7280822396278381,acetylcholine,Traced,Roughly traced
68776,glutamate,0.8588148355484009,glutamate,Traced,Roughly traced
68804,glutamate,0.8279445767402649,glutamate,Traced,Prelim Roughly traced
68941,dopamine,0.7092730402946472,acetylcholine,Traced,Prelim Roughly traced
69002,dopamine,0.6936118602752686,acetylcholine,Traced,Roughly traced
69022,dopamine,0.7964348793029785,acetylcholine,Traced,Roughly traced
69037,dopamine,0.6808571219444275,acetylcholine,Traced,Roughly traced
69042,dopamine,0.7856711745262146,acetylcholine,Traced,Roughly traced
69047,dopamine,0.6836183071136475,acetylcholine,Traced,Roughly traced
69064,serotonin,0.6278846263885498,unclear,Traced,Roughly traced
69308,dopamine,0.720716655254364,acetylcholine,Traced,Roughly traced
69337,dopamine,0.6276599168777466,acetylcholine,Traced,Roughly traced
69407,glutamate,0.8284449577331543,glutamate,Traced,Roughly traced
69438,glutamate,0.7523358464241028,glutamate,Traced,Prelim Roughly traced
69446,dopamine,0.777515709400177,acetylcholine,Traced,Roughly traced
69472,dopamine,0.7475874423980713,acetylcholine,Traced,Roughly traced
69478,acetylcholine,0.946312665939331,acetylcholine,Traced,Roughly traced
69499,acetylcholine,0.8654984831809998,acetylcholine,Traced,Roughly traced
69503,acetylcholine,0.8915831446647644,acetylcholine,Traced,Prelim Roughly traced
69507,dopamine,0.791033923625946,acetylcholine,Traced,Roughly traced
69508,dopamine,0.668704092502594,acetylcholine,Traced,Roughly traced
69513,dopamine,0.8039909601211548,acetylcholine,Traced,Roughly traced
69518,dopamine,0.7398816347122192,acetylcholine,Traced,Roughly traced
69584,dopamine,0.6944169998168945,acetylcholine,Traced,Roughly traced
69649,dopamine,0.7058087587356567,acetylcholine,Traced,Roughly traced
69650,dopamine,0.7578139901161194,acetylcholine,Traced,Prelim Roughly traced
69664,dopamine,0.7666915655136108,acetylcholine,Traced,Roughly traced
69684,glutamate,0.6559098362922668,glutamate,Traced,Roughly traced
69694,dopamine,0.7731730937957764,acetylcholine,Traced,Roughly traced
69716,dopamine,0.7324879765510559,acetylcholine,Traced,Prelim Roughly traced
69721,dopamine,0.712435781955719,acetylcholine,Traced,Roughly traced
69762,acetylcholine,0.9294102787971497,acetylcholine,Traced,Prelim Roughly traced
69775,dopamine,0.7900741696357727,acetylcholine,Traced,Roughly traced
69780,acetylcholine,0.9454302191734314,acetylcholine,Traced,Prelim Roughly traced
69802,gaba,0.6846592426300049,gaba,Traced,Roughly traced
69839,gaba,0.79849773645401,gaba,Traced,Prelim Roughly traced
69842,dopamine,0.7280011177062988,acetylcholine,Traced,Roughly traced
69858,gaba,0.7512058615684509,gaba,Traced,Prelim Roughly traced
69859,dopamine,0.7634465098381042,acetylcholine,Traced,Prelim Roughly traced
69904,unclear,0.4362395703792572,acetylcholine,Traced,Prelim Roughly traced
69956,dopamine,0.6690728068351746,acetylcholine,Traced,Roughly traced
69973,dopamine,0.7085337042808533,acetylcholine,Traced,Roughly traced
69987,dopamine,0.7004027366638184,acetylcholine,Traced,Roughly traced
70022,dopamine,0.7247586846351624,acetylcholine,Traced,Prelim Roughly traced
70124,dopamine,0.7979431748390198,acetylcholine,Traced,Roughly traced
70175,dopamine,0.6359714269638062,acetylcholine,Traced,Roughly traced
70185,dopamine,0.6720638871192932,acetylcholine,Traced,Roughly traced
70193,dopamine,0.7273602485656738,acetylcholine,Traced,Roughly traced
70208,glutamate,0.8183227777481079,glutamate,Traced,Roughly traced
70279,glutamate,0.7255604863166809,glutamate,Traced,Roughly traced
70325,acetylcholine,0.9009822607040405,acetylcholine,Traced,Roughly traced
70336,dopamine,0.7506971955299377,acetylcholine,Traced,Roughly traced
70378,dopamine,0.7483127117156982,acetylcholine,Traced,Roughly traced
70380,dopamine,0.6528387069702148,acetylcholine,Traced,Roughly traced
70396,dopamine,0.7404595613479614,acetylcholine,Traced,Roughly traced
70445,dopamine,0.699054479598999,acetylcholine,Traced,Prelim Roughly traced
70477,dopamine,0.6640045642852783,acetylcholine,Traced,Roughly traced
70489,dopamine,0.7450706362724304,acetylcholine,Traced,Prelim Roughly traced
70501,dopamine,0.7640909552574158,acetylcholine,Traced,Roughly traced
70509,dopamine,0.7686940431594849,acetylcholine,Traced,Prelim Roughly traced
70513,dopamine,0.7350552082061768,acetylcholine,Traced,Roughly traced
70643,acetylcholine,0.8678280115127563,acetylcholine,Traced,Roughly traced
70747,dopamine,0.6629118919372559,acetylcholine,Traced,Roughly traced
70797,gaba,0.576259434223175,gaba,Traced,Roughly traced
70816,dopamine,0.7095738649368286,acetylcholine,Traced,Roughly traced
70869,acetylcholine,0.6829712986946106,acetylcholine,Traced,Prelim Roughly traced
70902,dopamine,0.7928975224494934,acetylcholine,Traced,Roughly traced
70909,dopamine,0.7607849836349487,acetylcholine,Traced,Roughly traced
70952,dopamine,0.7200497984886169,acetylcholine,Traced,Prelim Roughly traced
70993,dopamine,0.7602063417434692,acetylcholine,Traced,Roughly traced
71008,dopamine,0.6614887118339539,acetylcholine,Traced,Roughly traced
71028,dopamine,0.7199469208717346,acetylcholine,Traced,Prelim Roughly traced
71039,dopamine,0.7354446649551392,acetylcholine,Traced,Roughly traced
71053,dopamine,0.7111647129058838,acetylcholine,Traced,Roughly traced
71074,glutamate,0.8460749983787537,glutamate,Traced,Roughly traced
71081,glutamate,0.7835680246353149,glutamate,Traced,Roughly traced
71088,dopamine,0.6900426745414734,acetylcholine,Traced,Roughly traced
71120,dopamine,0.8255026340484619,acetylcholine,Traced,Roughly traced
71127,dopamine,0.7171571850776672,acetylcholine,Traced,Roughly traced
71189,dopamine,0.7328184843063354,acetylcholine,Traced,Roughly traced
71260,acetylcholine,0.8619726896286011,acetylcholine,Traced,Roughly traced
71278,glutamate,0.83460932970047,glutamate,Traced,Prelim Roughly traced
71366,dopamine,0.700957179069519,acetylcholine,Traced,Roughly traced
71494,dopamine,0.8291396498680115,acetylcholine,Traced,Roughly traced
71512,dopamine,0.7593105435371399,acetylcholine,Traced,Roughly traced
71534,acetylcholine,0.9085280299186707,acetylcholine,Traced,Roughly traced
71561,glutamate,0.7158757448196411,glutamate,Traced,Prelim Roughly traced
71581,acetylcholine,0.9651142358779907,acetylcholine,Traced,Prelim Roughly traced
71627,dopamine,0.680910050868988,acetylcholine,Traced,Roughly traced
71676,dopamine,0.7828798890113831,acetylcholine,Traced,Roughly traced
71678,gaba,0.8367642760276794,gaba,Traced,Prelim Roughly traced
71684,glutamate,0.8050437569618225,glutamate,Traced,Prelim Roughly traced
71691,dopamine,0.7138987183570862,acetylcholine,Traced,Roughly traced
71756,acetylcholine,0.8683476448059082,acetylcholine,Traced,Prelim Roughly traced
71769,glutamate,0.7801798582077026,glutamate,Traced,Roughly traced
71800,dopamine,0.7275561690330505,acetylcholine,Traced,Roughly traced
71814,dopamine,0.7790592908859253,acetylcholine,Traced,Roughly traced
71840,dopamine,0.7177579402923584,acetylcholine,Traced,Roughly traced
71908,dopamine,0.7370094656944275,acetylcholine,Traced,Roughly traced
72141,dopamine,0.7495045065879822,acetylcholine,Traced,Prelim Roughly traced
72161,acetylcholine,0.8504035472869873,acetylcholine,Traced,Roughly traced
72166,dopamine,0.7358274459838867,acetylcholine,Traced,Roughly traced
72195,dopamine,0.7040600180625916,acetylcholine,Traced,Roughly traced
72234,dopamine,0.7814388871192932,acetylcholine,Traced,Roughly traced
72239,dopamine,0.7260680198669434,acetylcholine,Traced,Roughly traced
72274,acetylcholine,0.9131432771682739,acetylcholine,Traced,Roughly traced
72299,dopamine,0.7013872861862183,acetylcholine,Traced,Roughly traced
72344,dopamine,0.7183997631072998,acetylcholine,Traced,Roughly traced
72359,dopamine,0.7915215492248535,acetylcholine,Traced,Roughly traced
72362,dopamine,0.6783064007759094,acetylcholine,Traced,Roughly traced
72375,dopamine,0.6917405724525452,acetylcholine,Traced,Roughly traced
72387,dopamine,0.7455506920814514,acetylcholine,Traced,Prelim Roughly traced
72433,dopamine,0.7447783946990967,acetylcholine,Traced,Roughly traced
72438,dopamine,0.7256271243095398,acetylcholine,Traced,Roughly traced
72487,glutamate,0.8245984315872192,glutamate,Traced,Roughly traced
72495,dopamine,0.7373449206352234,acetylcholine,Traced,Roughly traced
72538,dopamine,0.7948466539382935,acetylcholine,Traced,Roughly traced
72597,acetylcholine,0.7911888957023621,acetylcholine,Traced,Prelim Roughly traced
72601,dopamine,0.9114741086959839,dopamine,Traced,Roughly traced
72643,dopamine,0.763792872428894,acetylcholine,Traced,Prelim Roughly traced
72645,dopamine,0.735855221748352,acetylcholine,Traced,Roughly traced
72674,glutamate,0.8447684645652771,glutamate,Traced,Prelim Roughly traced
72683,glutamate,0.8380995988845825,glutamate,Traced,Prelim Roughly traced
72693,dopamine,0.6980313062667847,acetylcholine,Traced,Roughly traced
72694,dopamine,0.6489058136940002,acetylcholine,Traced,Roughly traced
72695,dopamine,0.7168424725532532,acetylcholine,Traced,Prelim Roughly traced
72755,dopamine,0.6769183874130249,acetylcholine,Traced,Roughly traced
72865,dopamine,0.7243582010269165,acetylcholine,Traced,Roughly traced
72913,dopamine,0.7485318183898926,acetylcholine,Traced,Roughly traced
72939,dopamine,0.7555845379829407,acetylcholine,Traced,Prelim Roughly traced
72978,dopamine,0.7796599864959717,acetylcholine,Traced,Roughly traced
73006,dopamine,0.6817775964736938,acetylcholine,Traced,Roughly traced
73039,dopamine,0.7448408007621765,acetylcholine,Traced,Roughly traced
73082,glutamate,0.791830837726593,glutamate,Traced,Prelim Roughly traced
73191,dopamine,0.8059327602386475,acetylcholine,Traced,Roughly traced
73195,dopamine,0.7412280440330505,acetylcholine,Traced,Prelim Roughly traced
73248,dopamine,0.7121255397796631,acetylcholine,Traced,Roughly traced
73296,dopamine,0.7636876702308655,acetylcholine,Traced,Prelim Roughly traced
73306,dopamine,0.802143394947052,acetylcholine,Traced,Prelim Roughly traced
73442,dopamine,0.7335400581359863,acetylcholine,Traced,Roughly traced
73483,glutamate,0.8155067563056946,glutamate,Traced,Prelim Roughly traced
73487,dopamine,0.705985426902771,acetylcholine,Traced,Roughly traced
73508,dopamine,0.7571826577186584,acetylcholine,Traced,Roughly traced
73570,dopamine,0.7590814828872681,acetylcholine,Traced,Roughly traced
73583,dopamine,0.7157562375068665,acetylcholine,Traced,Roughly traced
73588,dopamine,0.7670979499816895,acetylcholine,Traced,Prelim Roughly traced
73645,dopamine,0.7302360534667969,acetylcholine,Traced,Roughly traced
73721,dopamine,0.807919979095459,acetylcholine,Traced,Roughly traced
73742,dopamine,0.7346251606941223,acetylcholine,Traced,Roughly traced
73750,dopamine,0.7693994641304016,acetylcholine,Traced,Prelim Roughly traced
73782,acetylcholine,0.9087126851081848,acetylcholine,Traced,Roughly traced
73814,dopamine,0.7457056641578674,acetylcholine,Traced,Prelim Roughly traced
73850,dopamine,0.7182559370994568,acetylcholine,Traced,Prelim Roughly traced
73883,unclear,0.3987765908241272,unclear,Traced,Prelim Roughly traced
73922,acetylcholine,0.7996677756309509,acetylcholine,Traced,Prelim Roughly traced
73958,gaba,0.6757320761680603,gaba,Traced,Prelim Roughly traced
74049,glutamate,0.62424236536026,glutamate,Traced,Roughly traced
74103,dopamine,0.7995629906654358,acetylcholine,Traced,Roughly traced
74106,dopamine,0.6859658360481262,acetylcholine,Traced,Roughly traced
74113,glutamate,0.7344870567321777,glutamate,Traced,Prelim Roughly traced
74114,acetylcholine,0.8817792534828186,acetylcholine,Traced,Roughly traced
74135,dopamine,0.7630722522735596,acetylcholine,Traced,Roughly traced
74141,dopamine,0.612514078617096,acetylcholine,Traced,Roughly traced
74239,dopamine,0.7377009987831116,acetylcholine,Traced,Roughly traced
74301,dopamine,0.6827372908592224,acetylcholine,Traced,Roughly traced
74307,dopamine,0.7531504034996033,acetylcholine,Traced,Roughly traced
74328,dopamine,0.6919702291488647,acetylcholine,Traced,Roughly traced
74380,dopamine,0.7015262246131897,acetylcholine,Traced,Roughly traced
74403,dopamine,0.7205721735954285,acetylcholine,Traced,Prelim Roughly traced
74421,dopamine,0.7379393577575684,acetylcholine,Traced,Roughly traced
74461,dopamine,0.7594805955886841,acetylcholine,Traced,Prelim Roughly traced
74499,glutamate,0.8162346482276917,glutamate,Traced,Prelim Roughly traced
74548,dopamine,0.6773149967193604,acetylcholine,Traced,Roughly traced
74553,dopamine,0.6435354351997375,acetylcholine,Traced,Roughly traced
74568,dopamine,0.7281818389892578,acetylcholine,Traced,Roughly traced
74623,dopamine,0.6968367695808411,acetylcholine,Traced,Roughly traced
74665,dopamine,0.7727611660957336,acetylcholine,Traced,Roughly traced
74668,dopamine,0.7072961926460266,acetylcholine,Traced,Roughly traced
74682,dopamine,0.7771278619766235,acetylcholine,Traced,Roughly traced
74683,dopamine,0.7671512961387634,acetylcholine,Traced,Roughly traced
74721,dopamine,0.7775182127952576,acetylcholine,Traced,Roughly traced
74740,dopamine,0.7889564037322998,acetylcholine,Traced,Prelim Roughly traced
74754,glutamate,0.7980602979660034,glutamate,Traced,Roughly traced
74803,dopamine,0.7443473935127258,acetylcholine,Traced,Roughly traced
74812,dopamine,0.7629671096801758,acetylcholine,Traced,Roughly traced
74851,dopamine,0.696662425994873,acetylcholine,Traced,Roughly traced
74856,dopamine,0.9178264141082764,dopamine,Traced,Roughly traced
74869,dopamine,0.787929892539978,acetylcholine,Traced,Prelim Roughly traced
74899,dopamine,0.6707444787025452,acetylcholine,Traced,Roughly traced
75029,dopamine,0.5300320386886597,acetylcholine,Traced,Prelim Roughly traced
75031,dopamine,0.6400037407875061,acetylcholine,Traced,Roughly traced
75045,dopamine,0.723823606967926,acetylcholine,Traced,Prelim Roughly traced
75050,dopamine,0.7606043815612793,acetylcholine,Traced,Roughly traced
75066,dopamine,0.7876249551773071,acetylcholine,Traced,Roughly traced
75075,dopamine,0.7136731743812561,acetylcholine,Traced,Roughly traced
75106,dopamine,0.7386919856071472,acetylcholine,Traced,Roughly traced
75122,dopamine,0.6879532337188721,acetylcholine,Traced,Roughly traced
75125,glutamate,0.7716575264930725,glutamate,Traced,Roughly traced
75149,dopamine,0.769133985042572,acetylcholine,Traced,Roughly traced
75151,glutamate,0.8401698470115662,glutamate,Traced,Prelim Roughly traced
75216,dopamine,0.6973711252212524,acetylcholine,Traced,Roughly traced
75260,dopamine,0.5960803031921387,acetylcholine,Traced,Roughly traced
75265,dopamine,0.6929756999015808,acetylcholine,Traced,Roughly traced
75300,dopamine,0.7941228151321411,acetylcholine,Traced,Roughly traced
75363,acetylcholine,0.9116654992103577,acetylcholine,Traced,Roughly traced
75384,dopamine,0.7321448922157288,acetylcholine,Traced,Roughly traced
75401,acetylcholine,0.7860367894172668,acetylcholine,Traced,Prelim Roughly traced
75507,dopamine,0.7528925538063049,acetylcholine,Traced,Roughly traced
75578,dopamine,0.7837597727775574,acetylcholine,Traced,Roughly traced
75614,glutamate,0.6339786052703857,glutamate,Traced,Roughly traced
75718,dopamine,0.7449369430541992,acetylcholine,Traced,Roughly traced
75774,dopamine,0.693143367767334,acetylcholine,Traced,Prelim Roughly traced
75802,dopamine,0.6719579100608826,acetylcholine,Traced,Roughly traced
75874,acetylcholine,0.7809798717498779,acetylcholine,Traced,Roughly traced
75880,dopamine,0.7418653964996338,acetylcholine,Traced,Prelim Roughly traced
75882,dopamine,0.7737760543823242,acetylcholine,Traced,Roughly traced
75905,glutamate,0.7894025444984436,glutamate,Traced,Prelim Roughly traced
75997,dopamine,0.7602807283401489,acetylcholine,Traced,Roughly traced
76005,dopamine,0.7585365176200867,acetylcholine,Traced,Roughly traced
76057,acetylcholine,0.8897072076797485,acetylcholine,Traced,Roughly traced
76200,glutamate,0.7785383462905884,glutamate,Traced,Roughly traced
76219,acetylcholine,0.9380066394805908,acetylcholine,Traced,Prelim Roughly traced
76265,dopamine,0.6699889898300171,acetylcholine,Traced,Roughly traced
76271,dopamine,0.7739139795303345,acetylcholine,Traced,Roughly traced
76272,dopamine,0.7850216031074524,acetylcholine,Traced,Roughly traced
76354,dopamine,0.7285492420196533,acetylcholine,Traced,Roughly traced
76412,glutamate,0.7164780497550964,glutamate,Traced,Roughly traced
76429,dopamine,0.7164161801338196,acetylcholine,Traced,Roughly traced
76436,dopamine,0.7792559862136841,acetylcholine,Traced,Roughly traced
76443,dopamine,0.7311985492706299,acetylcholine,Traced,Prelim Roughly traced
76444,dopamine,0.7209853529930115,acetylcholine,Traced,Roughly traced
76486,acetylcholine,0.9095317721366882,acetylcholine,Traced,Roughly traced
76523,dopamine,0.7732767462730408,acetylcholine,Traced,Roughly traced
76531,dopamine,0.7251977324485779,acetylcholine,Traced,Roughly traced
76582,dopamine,0.6810559630393982,acetylcholine,Traced,Roughly traced
76585,glutamate,0.8167148232460022,glutamate,Traced,Roughly traced
76587,dopamine,0.7174849510192871,acetylcholine,Traced,Prelim Roughly traced
76593,dopamine,0.7569693922996521,acetylcholine,Traced,Prelim Roughly traced
76615,dopamine,0.7064480781555176,acetylcholine,Traced,Roughly traced
76635,acetylcholine,0.9429417848587036,acetylcholine,Traced,Roughly traced
76648,dopamine,0.7465617060661316,acetylcholine,Traced,Roughly traced
76660,dopamine,0.693734347820282,acetylcholine,Traced,Roughly traced
76702,dopamine,0.6423853039741516,acetylcholine,Traced,Roughly traced
76750,dopamine,0.7780512571334839,acetylcholine,Traced,Roughly traced
76807,dopamine,0.6893843412399292,acetylcholine,Traced,Roughly traced
76811,dopamine,0.7553002834320068,acetylcholine,Traced,Roughly traced
76862,dopamine,0.6222754716873169,acetylcholine,Traced,Roughly traced
76867,dopamine,0.745392918586731,acetylcholine,Traced,Roughly traced
76898,dopamine,0.6962447166442871,acetylcholine,Traced,Roughly traced
76899,glutamate,0.759505569934845,glutamate,Traced,Prelim Roughly traced
76973,dopamine,0.7473098635673523,acetylcholine,Traced,Prelim Roughly traced
76984,dopamine,0.6771546006202698,acetylcholine,Traced,Roughly traced
77022,dopamine,0.7339950203895569,acetylcholine,Traced,Roughly traced
77054,dopamine,0.725078821182251,acetylcholine,Traced,Prelim Roughly traced
77060,dopamine,0.7439296841621399,acetylcholine,Traced,Roughly traced
77126,dopamine,0.7594552040100098,acetylcholine,Traced,Prelim Roughly traced
77131,dopamine,0.7250720858573914,acetylcholine,Traced,Roughly traced
77158,dopamine,0.7806508541107178,acetylcholine,Traced,Prelim Roughly traced
77164,dopamine,0.6782912015914917,acetylcholine,Traced,Roughly traced
77199,dopamine,0.723838746547699,acetylcholine,Traced,Roughly traced
77219,dopamine,0.7886576652526855,acetylcholine,Traced,Roughly traced
77281,dopamine,0.7127467393875122,acetylcholine,Traced,Prelim Roughly traced
77324,dopamine,0.7497289180755615,acetylcholine,Traced,Roughly traced
77382,dopamine,0.6757389903068542,acetylcholine,Traced,Roughly traced
77390,dopamine,0.8067100048065186,acetylcholine,Traced,Roughly traced
77397,glutamate,0.8436765074729919,glutamate,Traced,Prelim Roughly traced
77432,acetylcholine,0.9163005352020264,acetylcholine,Traced,Roughly traced
77433,dopamine,0.7633712291717529,acetylcholine,Traced,Roughly traced
77449,dopamine,0.7399080991744995,acetylcholine,Traced,Prelim Roughly traced
77479,dopamine,0.7626349329948425,acetylcholine,Traced,Prelim Roughly traced
77481,acetylcholine,0.8852429986000061,acetylcholine,Traced,Prelim Roughly traced
77513,acetylcholine,0.9260457754135132,acetylcholine,Traced,Prelim Roughly traced
77603,gaba,0.6754223108291626,gaba,Traced,Roughly traced
77637,dopamine,0.7973900437355042,acetylcholine,Traced,Prelim Roughly traced
77639,glutamate,0.8725448250770569,glutamate,Traced,Prelim Roughly traced
77679,dopamine,0.6793969869613647,acetylcholine,Traced,Roughly traced
77701,acetylcholine,0.9256524443626404,acetylcholine,Traced,Roughly traced
77709,unclear,0.42609965801239014,unclear,Traced,Roughly traced
77729,dopamine,0.788788914680481,acetylcholine,Traced,Roughly traced
77735,dopamine,0.7864072322845459,acetylcholine,Traced,Roughly traced
77755,dopamine,0.728223979473114,acetylcholine,Traced,Roughly traced
77760,dopamine,0.7800931930541992,acetylcholine,Traced,Roughly traced
77767,acetylcholine,0.9503239393234253,acetylcholine,Traced,Prelim Roughly traced
77790,dopamine,0.7756238579750061,acetylcholine,Traced,Roughly traced
77810,dopamine,0.6472251415252686,acetylcholine,Traced,Roughly traced
77956,acetylcholine,0.9028854966163635,acetylcholine,Traced,Roughly traced
78013,dopamine,0.7955050468444824,acetylcholine,Traced,Roughly traced
78060,dopamine,0.7966147065162659,acetylcholine,Traced,Roughly traced
78097,dopamine,0.7646582722663879,acetylcholine,Traced,Roughly traced
78147,dopamine,0.7161032557487488,acetylcholine,Traced,Roughly traced
78150,dopamine,0.6653082370758057,acetylcholine,Traced,Roughly traced
78155,dopamine,0.6898216605186462,acetylcholine,Traced,Roughly traced
78189,dopamine,0.703772783279419,acetylcholine,Traced,Roughly traced
78203,dopamine,0.7988353371620178,acetylcholine,Traced,Roughly traced
78234,dopamine,0.776979923248291,acetylcholine,Traced,Roughly traced
78294,glutamate,0.7897778749465942,glutamate,Traced,Roughly traced
78356,dopamine,0.8120167851448059,acetylcholine,Traced,Roughly traced
78359,dopamine,0.7500048875808716,acetylcholine,Traced,Roughly traced
78361,dopamine,0.7377220988273621,acetylcholine,Traced,Prelim Roughly traced
78378,gaba,0.6376007795333862,gaba,Traced,Roughly traced
78379,dopamine,0.7447103261947632,acetylcholine,Traced,Roughly traced
78480,dopamine,0.7872868776321411,acetylcholine,Traced,Roughly traced
78489,acetylcholine,0.8726188540458679,acetylcholine,Traced,Roughly traced
78494,dopamine,0.8019405603408813,acetylcholine,Traced,Roughly traced
78531,dopamine,0.7493174076080322,acetylcholine,Traced,Roughly traced
78544,dopamine,0.7625168561935425,acetylcholine,Traced,Roughly traced
78559,glutamate,0.7423585057258606,glutamate,Traced,Prelim Roughly traced
78589,dopamine,0.7495169043540955,acetylcholine,Traced,Roughly traced
78592,acetylcholine,0.8436688780784607,acetylcholine,Traced,Roughly traced
78673,acetylcholine,0.9162031412124634,acetylcholine,Traced,Roughly traced
78772,dopamine,0.6893410682678223,acetylcholine,Traced,Roughly traced
78803,dopamine,0.7189894318580627,acetylcholine,Traced,Roughly traced
78858,dopamine,0.7501006722450256,acetylcholine,Traced,Prelim Roughly traced
78909,dopamine,0.7162567377090454,acetylcholine,Traced,Roughly traced
78924,dopamine,0.8015766143798828,acetylcholine,Traced,Roughly traced
78928,dopamine,0.7800005674362183,acetylcholine,Traced,Roughly traced
78946,dopamine,0.7842609882354736,acetylcholine,Traced,Prelim Roughly traced
78959,dopamine,0.7234763503074646,acetylcholine,Traced,Roughly traced
78984,dopamine,0.7918620109558105,acetylcholine,Traced,Roughly traced
78989,acetylcholine,0.945760190486908,acetylcholine,Traced,Prelim Roughly traced
78997,dopamine,0.7171492576599121,acetylcholine,Traced,Roughly traced
79032,glutamate,0.7336016893386841,glutamate,Traced,Prelim Roughly traced
79038,dopamine,0.7426624894142151,acetylcholine,Traced,Roughly traced
79092,dopamine,0.7284165620803833,acetylcholine,Traced,Roughly traced
79184,dopamine,0.6700471639633179,acetylcholine,Traced,Roughly traced
79199,dopamine,0.7711708545684814,acetylcholine,Traced,Roughly traced
79203,dopamine,0.7474461793899536,acetylcholine,Traced,Roughly traced
79362,unclear,0.48250678181648254,acetylcholine,Traced,Prelim Roughly traced
79364,dopamine,0.6535784006118774,acetylcholine,Traced,Roughly traced
79372,dopamine,0.7825754880905151,acetylcholine,Traced,Prelim Roughly traced
79399,glutamate,0.8160117268562317,glutamate,Traced,Prelim Roughly traced
79476,dopamine,0.6858298778533936,acetylcholine,Traced,Roughly traced
79504,dopamine,0.6944255232810974,acetylcholine,Traced,Prelim Roughly traced
79508,dopamine,0.7783613204956055,acetylcholine,Traced,Roughly traced
79522,dopamine,0.6432247757911682,acetylcholine,Traced,Roughly traced
79536,dopamine,0.7804210186004639,acetylcholine,Traced,Roughly traced
79541,acetylcholine,0.9571020603179932,acetylcholine,Traced,Roughly traced
79562,dopamine,0.7239537239074707,acetylcholine,Traced,Roughly traced
79590,dopamine,0.7618700265884399,acetylcholine,Traced,Roughly traced
79669,glutamate,0.7808031439781189,glutamate,Traced,Roughly traced
79684,dopamine,0.7158945798873901,acetylcholine,Traced,Roughly traced
79735,dopamine,0.8122021555900574,acetylcholine,Traced,Roughly traced
79740,acetylcholine,0.845185399055481,acetylcholine,Traced,Prelim Roughly traced
79777,dopamine,0.7222586274147034,acetylcholine,Traced,Roughly traced
79821,dopamine,0.7092733383178711,acetylcholine,Traced,Roughly traced
79846,dopamine,0.6477328538894653,acetylcholine,Traced,Roughly traced
79860,dopamine,0.7259191274642944,acetylcholine,Traced,Roughly traced
79877,dopamine,0.7196418046951294,acetylcholine,Traced,Roughly traced
79899,dopamine,0.716606080532074,acetylcholine,Traced,Roughly traced
79920,dopamine,0.7010267972946167,acetylcholine,Traced,Roughly traced
79945,dopamine,0.6948788166046143,acetylcholine,Traced,Roughly traced
79948,glutamate,0.8199406266212463,glutamate,Traced,Roughly traced
79972,dopamine,0.6459755301475525,acetylcholine,Traced,Roughly traced
79979,acetylcholine,0.8297383189201355,acetylcholine,Traced,Prelim Roughly traced
80009,dopamine,0.740760087966919,acetylcholine,Traced,Roughly traced
80013,dopamine,0.7651503086090088,acetylcholine,Traced,Roughly traced
80079,dopamine,0.7896414399147034,acetylcholine,Traced,Prelim Roughly traced
80082,dopamine,0.7151234745979309,acetylcholine,Traced,Roughly traced
80128,dopamine,0.7069734334945679,acetylcholine,Traced,Prelim Roughly traced
80131,dopamine,0.7176049947738647,acetylcholine,Traced,Roughly traced
80140,glutamate,0.815564751625061,glutamate,Traced,Roughly traced
80155,dopamine,0.7260649800300598,acetylcholine,Traced,Roughly traced
80165,gaba,0.6934577822685242,gaba,Traced,Prelim Roughly traced
80168,dopamine,0.6838080883026123,acetylcholine,Traced,Roughly traced
80172,dopamine,0.7210467457771301,acetylcholine,Traced,Prelim Roughly traced
80201,dopamine,0.7680284380912781,acetylcholine,Traced,Roughly traced
80382,dopamine,0.6933329701423645,acetylcholine,Traced,Roughly traced
80415,glutamate,0.8220978379249573,glutamate,Traced,Roughly traced
80479,glutamate,0.8059789538383484,glutamate,Traced,Prelim Roughly traced
80539,dopamine,0.7540807127952576,acetylcholine,Traced,Roughly traced
80543,dopamine,0.6731659770011902,acetylcholine,Traced,Roughly traced
80562,dopamine,0.7715997099876404,acetylcholine,Traced,Roughly traced
80637,dopamine,0.7120984196662903,acetylcholine,Traced,Roughly traced
80733,dopamine,0.7440752387046814,acetylcholine,Traced,Roughly traced
80744,dopamine,0.9099072217941284,dopamine,Traced,Roughly traced
80832,dopamine,0.6658543944358826,acetylcholine,Traced,Roughly traced
80978,dopamine,0.6418519020080566,acetylcholine,Traced,Roughly traced
81004,dopamine,0.7481427788734436,acetylcholine,Traced,Prelim Roughly traced
81049,dopamine,0.6964303255081177,acetylcholine,Traced,Roughly traced
81053,dopamine,0.7146186828613281,acetylcholine,Traced,Roughly traced
81066,gaba,0.7849046587944031,gaba,Traced,Prelim Roughly traced
81095,dopamine,0.7019582390785217,acetylcholine,Traced,Roughly traced
81121,acetylcholine,0.8648297190666199,acetylcholine,Traced,Prelim Roughly traced
81141,dopamine,0.7860237956047058,acetylcholine,Traced,Roughly traced
81187,dopamine,0.6598799228668213,acetylcholine,Traced,Roughly traced
81197,dopamine,0.7513598799705505,acetylcholine,Traced,Roughly traced
81202,dopamine,0.7526402473449707,acetylcholine,Traced,Roughly traced
81203,dopamine,0.7056626677513123,acetylcholine,Traced,Roughly traced
81207,dopamine,0.759343147277832,acetylcholine,Traced,Roughly traced
81233,dopamine,0.7197148203849792,acetylcholine,Traced,Prelim Roughly traced
81239,dopamine,0.7301808595657349,acetylcholine,Traced,Roughly traced
81273,dopamine,0.6925303339958191,acetylcholine,Traced,Roughly traced
81340,acetylcholine,0.9264301061630249,acetylcholine,Traced,Prelim Roughly traced
81348,dopamine,0.6917462348937988,acetylcholine,Traced,Roughly traced
81377,dopamine,0.7276502847671509,acetylcholine,Traced,Roughly traced
81427,dopamine,0.7325612902641296,acetylcholine,Traced,Prelim Roughly traced
81453,dopamine,0.6785698533058167,acetylcholine,Traced,Roughly traced
81557,acetylcholine,0.9582278728485107,acetylcholine,Traced,Roughly traced
81651,dopamine,0.7486364245414734,acetylcholine,Traced,Prelim Roughly traced
81657,dopamine,0.749640166759491,acetylcholine,Traced,Roughly traced
81700,dopamine,0.7087300419807434,acetylcholine,Traced,Roughly traced
81760,acetylcholine,0.8603763580322266,acetylcholine,Traced,Roughly traced
81851,dopamine,0.7059180736541748,acetylcholine,Traced,Roughly traced
81885,dopamine,0.65138179063797,acetylcholine,Traced,Roughly traced
81934,dopamine,0.7390956878662109,acetylcholine,Traced,Roughly traced
81979,dopamine,0.7071270942687988,acetylcholine,Traced,Roughly traced
82025,dopamine,0.6438637971878052,acetylcholine,Traced,Prelim Roughly traced
82059,glutamate,0.7089487314224243,glutamate,Traced,Roughly traced
82062,dopamine,0.6885268688201904,acetylcholine,Traced,Roughly traced
82068,dopamine,0.745858371257782,acetylcholine,Traced,Roughly traced
82210,dopamine,0.7439019083976746,acetylcholine,Traced,Roughly traced
82225,dopamine,0.7124775052070618,acetylcholine,Traced,Roughly traced
82244,acetylcholine,0.8553648591041565,acetylcholine,Traced,Roughly traced
82296,dopamine,0.7143023610115051,acetylcholine,Traced,Roughly traced
82315,dopamine,0.8014208078384399,acetylcholine,Traced,Roughly traced
82320,glutamate,0.6331374049186707,glutamate,Traced,Roughly traced
82358,dopamine,0.7976911664009094,acetylcholine,Traced,Roughly traced
82472,dopamine,0.7211943864822388,acetylcholine,Traced,Roughly traced
82474,dopamine,0.6965126395225525,acetylcholine,Traced,Prelim Roughly traced
82534,glutamate,0.8474259972572327,glutamate,Traced,Prelim Roughly traced
82538,dopamine,0.7889897227287292,acetylcholine,Traced,Roughly traced
82570,dopamine,0.6973040103912354,acetylcholine,Traced,Roughly traced
82635,dopamine,0.814428448677063,acetylcholine,Traced,Roughly traced
82644,acetylcholine,0.9386400580406189,acetylcholine,Traced,Roughly traced
82648,dopamine,0.6763375401496887,acetylcholine,Traced,Prelim Roughly traced
82652,dopamine,0.7039602994918823,acetylcholine,Traced,Roughly traced
82673,dopamine,0.7567543387413025,acetylcholine,Traced,Roughly traced
82711,gaba,0.8051865696907043,gaba,Traced,Roughly traced
82744,dopamine,0.6884455680847168,acetylcholine,Traced,Roughly traced
82789,dopamine,0.8157243728637695,acetylcholine,Traced,Roughly traced
82798,dopamine,0.7788171172142029,acetylcholine,Traced,Roughly traced
82810,gaba,0.8004826903343201,gaba,Traced,Prelim Roughly traced
82906,dopamine,0.6684117317199707,acetylcholine,Traced,Roughly traced
82911,dopamine,0.7152653336524963,acetylcholine,Traced,Roughly traced
83052,dopamine,0.6814283132553101,acetylcholine,Traced,Roughly traced
83094,dopamine,0.6936976909637451,acetylcholine,Traced,Roughly traced
83162,dopamine,0.7492473721504211,acetylcholine,Traced,Prelim Roughly traced
83168,dopamine,0.8077486753463745,acetylcholine,Traced,Roughly traced
83181,dopamine,0.7598530650138855,acetylcholine,Traced,Roughly traced
83219,acetylcholine,0.9608235955238342,acetylcholine,Traced,Roughly traced
83221,dopamine,0.7085910439491272,acetylcholine,Traced,Roughly traced
83277,dopamine,0.9219732880592346,dopamine,Traced,Roughly traced
83278,dopamine,0.6522116661071777,acetylcholine,Traced,Roughly traced
83329,dopamine,0.7520309090614319,acetylcholine,Traced,Roughly traced
83360,dopamine,0.7736316323280334,acetylcholine,Traced,Prelim Roughly traced
83392,dopamine,0.6386581063270569,acetylcholine,Traced,Roughly traced
83418,dopamine,0.7356575727462769,acetylcholine,Traced,Roughly traced
83508,glutamate,0.8477293252944946,glutamate,Traced,Prelim Roughly traced
83557,dopamine,0.6798639893531799,acetylcholine,Traced,Roughly traced
83563,dopamine,0.733184814453125,acetylcholine,Traced,Roughly traced
83604,dopamine,0.7540645003318787,acetylcholine,Traced,Roughly traced
83608,dopamine,0.7762346863746643,acetylcholine,Traced,Prelim Roughly traced
83612,dopamine,0.7477761507034302,acetylcholine,Traced,Roughly traced
83624,dopamine,0.7702117562294006,acetylcholine,Traced,Roughly traced
83632,dopamine,0.6982436776161194,acetylcholine,Traced,Roughly traced
83654,glutamate,0.8408737182617188,glutamate,Traced,Roughly traced
83670,glutamate,0.7939836978912354,glutamate,Traced,Roughly traced
83684,dopamine,0.8057156801223755,acetylcholine,Traced,Roughly traced
83696,acetylcholine,0.9344504475593567,acetylcholine,Traced,Roughly traced
83715,dopamine,0.7441097497940063,acetylcholine,Traced,Roughly traced
83737,dopamine,0.6694575548171997,acetylcholine,Traced,Prelim Roughly traced
83743,dopamine,0.7242284417152405,acetylcholine,Traced,Roughly traced
83807,dopamine,0.7664424777030945,acetylcholine,Traced,Roughly traced
83833,dopamine,0.7567921280860901,acetylcholine,Traced,Prelim Roughly traced
83835,dopamine,0.7108715176582336,acetylcholine,Traced,Roughly traced
83852,dopamine,0.9083121418952942,dopamine,Traced,Roughly traced
83894,dopamine,0.65338134765625,acetylcholine,Traced,Roughly traced
83921,dopamine,0.7484419345855713,acetylcholine,Traced,Prelim Roughly traced
83924,dopamine,0.6785964965820312,acetylcholine,Traced,Roughly traced
83955,acetylcholine,0.9070417881011963,acetylcholine,Traced,Roughly traced
83961,dopamine,0.767188310623169,acetylcholine,Traced,Roughly traced
84011,dopamine,0.8060956597328186,acetylcholine,Traced,Roughly traced
84121,glutamate,0.7855557203292847,glutamate,Traced,Roughly traced
84137,dopamine,0.7660651206970215,acetylcholine,Traced,Roughly traced
84143,acetylcholine,0.8490283489227295,acetylcholine,Traced,Prelim Roughly traced
84157,acetylcholine,0.9045100212097168,acetylcholine,Traced,Prelim Roughly traced
84239,acetylcholine,0.9119574427604675,acetylcholine,Traced,Prelim Roughly traced
84278,dopamine,0.8114110231399536,acetylcholine,Traced,Roughly traced
84295,dopamine,0.701866090297699,acetylcholine,Traced,Roughly traced
84334,dopamine,0.7344497442245483,acetylcholine,Traced,Roughly traced
84356,glutamate,0.7978506088256836,glutamate,Traced,Prelim Roughly traced
84479,acetylcholine,0.9400376677513123,acetylcholine,Traced,Roughly traced
84485,dopamine,0.6641965508460999,acetylcholine,Traced,Roughly traced
84498,dopamine,0.6906563639640808,acetylcholine,Traced,Roughly traced
84557,acetylcholine,0.9222099781036377,acetylcholine,Traced,Prelim Roughly traced
84604,acetylcholine,0.8081636428833008,acetylcholine,Traced,Prelim Roughly traced
84628,dopamine,0.7768764495849609,acetylcholine,Traced,Roughly traced
84635,glutamate,0.8354653120040894,glutamate,Traced,Roughly traced
84638,dopamine,0.7260969281196594,acetylcholine,Traced,Roughly traced
84641,dopamine,0.7346583008766174,acetylcholine,Traced,Roughly traced
84661,glutamate,0.7971466183662415,glutamate,Traced,Roughly traced
84747,acetylcholine,0.9327569603919983,acetylcholine,Traced,Roughly traced
84765,dopamine,0.7810182571411133,acetylcholine,Traced,Roughly traced
84777,dopamine,0.7677177786827087,acetylcholine,Traced,Roughly traced
84792,glutamate,0.8512776494026184,glutamate,Traced,Prelim Roughly traced
84811,dopamine,0.7958325743675232,acetylcholine,Traced,Roughly traced
84836,glutamate,0.7085065841674805,glutamate,Traced,Roughly traced
84895,acetylcholine,0.9351902008056641,acetylcholine,Traced,Prelim Roughly traced
84902,dopamine,0.6825864911079407,acetylcholine,Traced,Roughly traced
84929,dopamine,0.6916757822036743,acetylcholine,Traced,Roughly traced
84941,dopamine,0.720706582069397,acetylcholine,Traced,Roughly traced
84974,dopamine,0.7085899114608765,acetylcholine,Traced,Roughly traced
84991,dopamine,0.8178936243057251,acetylcholine,Traced,Roughly traced
85012,dopamine,0.6707712411880493,acetylcholine,Traced,Roughly traced
85017,dopamine,0.7347795963287354,acetylcholine,Traced,Roughly traced
85032,acetylcholine,0.9081867337226868,acetylcholine,Traced,Prelim Roughly traced
85033,dopamine,0.660493791103363,acetylcholine,Traced,Roughly traced
85054,dopamine,0.6865372061729431,acetylcholine,Traced,Roughly traced
85088,glutamate,0.8080500960350037,glutamate,Traced,Roughly traced
85104,gaba,0.7406443357467651,gaba,Traced,Prelim Roughly traced
85110,dopamine,0.785429060459137,acetylcholine,Traced,Roughly traced
85242,dopamine,0.6828916072845459,acetylcholine,Traced,Roughly traced
85257,dopamine,0.7599323391914368,acetylcholine,Traced,Roughly traced
85321,dopamine,0.740138828754425,acetylcholine,Traced,Roughly traced
85342,dopamine,0.7265252470970154,acetylcholine,Traced,Roughly traced
85377,dopamine,0.797192394733429,acetylcholine,Traced,Roughly traced
85389,dopamine,0.7436832189559937,acetylcholine,Traced,Roughly traced
85391,dopamine,0.7973687052726746,acetylcholine,Traced,Roughly traced
85408,acetylcholine,0.9334288835525513,acetylcholine,Traced,Roughly traced
85442,dopamine,0.715868353843689,acetylcholine,Traced,Roughly traced
85452,dopamine,0.7707951664924622,acetylcholine,Traced,Roughly traced
85521,acetylcholine,0.8608484268188477,acetylcholine,Traced,Roughly traced
85522,dopamine,0.7788302302360535,acetylcholine,Traced,Roughly traced
85531,dopamine,0.8229886293411255,acetylcholine,Traced,Roughly traced
85570,acetylcholine,0.9090433120727539,acetylcholine,Traced,Roughly traced
85590,dopamine,0.6820293664932251,acetylcholine,Traced,Roughly traced
85619,acetylcholine,0.9523068070411682,acetylcholine,Traced,Roughly traced
85636,glutamate,0.7482483983039856,glutamate,Traced,Roughly traced
85711,dopamine,0.7428556680679321,acetylcholine,Traced,Roughly traced
85752,dopamine,0.7248151898384094,acetylcholine,Traced,Roughly traced
85819,dopamine,0.6749137043952942,acetylcholine,Traced,Roughly traced
85851,dopamine,0.7861723899841309,acetylcholine,Traced,Roughly traced
85920,dopamine,0.7459466457366943,acetylcholine,Traced,Roughly traced
85986,dopamine,0.7756836414337158,acetylcholine,Traced,Roughly traced
86072,dopamine,0.7375158667564392,acetylcholine,Traced,Roughly traced
86079,dopamine,0.7585434317588806,acetylcholine,Traced,Roughly traced
86153,dopamine,0.7323280572891235,acetylcholine,Traced,Roughly traced
86156,dopamine,0.8933871388435364,dopamine,Traced,Prelim Roughly traced
86168,dopamine,0.7394537925720215,acetylcholine,Traced,Roughly traced
86180,dopamine,0.6972680687904358,acetylcholine,Traced,Roughly traced
86213,acetylcholine,0.8954018354415894,acetylcholine,Traced,Prelim Roughly traced
86231,dopamine,0.7435622215270996,acetylcholine,Traced,Roughly traced
86306,dopamine,0.7219024300575256,acetylcholine,Traced,Roughly traced
86368,acetylcholine,0.9081441164016724,acetylcholine,Traced,Roughly traced
86427,acetylcholine,0.9123828411102295,acetylcholine,Traced,Prelim Roughly traced
86432,dopamine,0.7737862467765808,acetylcholine,Traced,Roughly traced
86437,dopamine,0.7186390161514282,acetylcholine,Traced,Roughly traced
86452,glutamate,0.7952178120613098,glutamate,Traced,Roughly traced
86468,dopamine,0.7536386251449585,acetylcholine,Traced,Roughly traced
86528,dopamine,0.6865773797035217,acetylcholine,Traced,Roughly traced
86554,dopamine,0.8496700525283813,acetylcholine,Traced,Roughly traced
86639,dopamine,0.7564982771873474,acetylcholine,Traced,Roughly traced
86661,acetylcholine,0.9520736932754517,acetylcholine,Traced,Roughly traced
86670,dopamine,0.6893947124481201,acetylcholine,Traced,Roughly traced
86751,dopamine,0.744719386100769,acetylcholine,Traced,Prelim Roughly traced
86758,dopamine,0.7690974473953247,acetylcholine,Traced,Roughly traced
86768,dopamine,0.7752603888511658,acetylcholine,Traced,Roughly traced
86811,dopamine,0.7955613136291504,acetylcholine,Traced,Roughly traced
86946,glutamate,0.7237102389335632,glutamate,Traced,Prelim Roughly traced
86970,dopamine,0.7167366147041321,acetylcholine,Traced,Roughly traced
87077,glutamate,0.8307228684425354,glutamate,Traced,Roughly traced
87155,dopamine,0.7076064348220825,acetylcholine,Traced,Prelim Roughly traced
87163,dopamine,0.7353543043136597,acetylcholine,Traced,Roughly traced
87219,dopamine,0.7110365033149719,acetylcholine,Traced,Roughly traced
87232,dopamine,0.7618833184242249,acetylcholine,Traced,Roughly traced
87254,dopamine,0.756062924861908,acetylcholine,Traced,Roughly traced
87261,dopamine,0.7746182680130005,acetylcholine,Traced,Roughly traced
87324,dopamine,0.6382589340209961,acetylcholine,Traced,Roughly traced
87364,dopamine,0.6835970878601074,acetylcholine,Traced,Roughly traced
87420,acetylcholine,0.9406924247741699,acetylcholine,Traced,Roughly traced
87564,glutamate,0.6519258618354797,glutamate,Traced,Roughly traced
87576,dopamine,0.7735226154327393,acetylcholine,Traced,Roughly traced
87610,acetylcholine,0.8693408370018005,acetylcholine,Traced,Roughly traced
87660,dopamine,0.7303580045700073,acetylcholine,Traced,Prelim Roughly traced
87667,dopamine,0.704251766204834,acetylcholine,Traced,Roughly traced
87719,dopamine,0.7957636117935181,acetylcholine,Traced,Roughly traced
87720,acetylcholine,0.954210102558136,acetylcholine,Traced,Roughly traced
87728,dopamine,0.8519779443740845,acetylcholine,Traced,Roughly traced
87758,dopamine,0.7543351650238037,acetylcholine,Traced,Roughly traced
87776,dopamine,0.6705338358879089,acetylcholine,Traced,Roughly traced
87784,dopamine,0.8102697134017944,acetylcholine,Traced,Roughly traced
87788,dopamine,0.6888719201087952,acetylcholine,Traced,Roughly traced
87837,glutamate,0.8457953929901123,glutamate,Traced,Roughly traced
87946,dopamine,0.762408971786499,acetylcholine,Traced,Roughly traced
88023,dopamine,0.7144726514816284,acetylcholine,Traced,Roughly traced
88068,dopamine,0.6252639293670654,acetylcholine,Traced,Roughly traced
88109,dopamine,0.6796014904975891,acetylcholine,Traced,Roughly traced
88160,glutamate,0.6873690485954285,glutamate,Traced,Prelim Roughly traced
88192,dopamine,0.7394759058952332,acetylcholine,Traced,Roughly traced
88283,dopamine,0.7070678472518921,acetylcholine,Traced,Roughly traced
88290,dopamine,0.6935715079307556,acetylcholine,Traced,Prelim Roughly traced
88318,acetylcholine,0.9211150407791138,acetylcholine,Traced,Prelim Roughly traced
88322,glutamate,0.6017602682113647,glutamate,Traced,Prelim Roughly traced
88342,acetylcholine,0.9036670327186584,acetylcholine,Traced,Roughly traced
88344,acetylcholine,0.9489741325378418,acetylcholine,Traced,Roughly traced
88407,dopamine,0.7264553308486938,acetylcholine,Traced,Roughly traced
88588,dopamine,0.712713360786438,acetylcholine,Traced,Roughly traced
88622,glutamate,0.8209438920021057,glutamate,Traced,Prelim Roughly traced
88653,dopamine,0.7631884813308716,acetylcholine,Traced,Roughly traced
88775,dopamine,0.6962637305259705,acetylcholine,Traced,Roughly traced
88822,dopamine,0.7161678075790405,acetylcholine,Traced,Roughly traced
88824,dopamine,0.6829460263252258,acetylcholine,Traced,Roughly traced
88830,glutamate,0.8118082880973816,glutamate,Traced,Roughly traced
88866,glutamate,0.8180198073387146,glutamate,Traced,Roughly traced
88899,dopamine,0.7090170979499817,acetylcholine,Traced,Roughly traced
88905,glutamate,0.6751739978790283,glutamate,Traced,Roughly traced
88938,dopamine,0.7194728851318359,acetylcholine,Traced,Roughly traced
89003,dopamine,0.7304368615150452,acetylcholine,Traced,Roughly traced
89097,acetylcholine,0.909214437007904,acetylcholine,Traced,Roughly traced
89170,dopamine,0.7597823143005371,acetylcholine,Traced,Roughly traced
89191,glutamate,0.6790771484375,glutamate,Traced,Roughly traced
89384,dopamine,0.7507195472717285,acetylcholine,Traced,Roughly traced
89419,dopamine,0.7855425477027893,acetylcholine,Traced,Roughly traced
89435,dopamine,0.8020778894424438,acetylcholine,Traced,Roughly traced
89461,dopamine,0.7256355285644531,acetylcholine,Traced,Roughly traced
89505,dopamine,0.7292630076408386,acetylcholine,Traced,Roughly traced
89529,unclear,0.4276030361652374,unclear,Traced,Roughly traced
89530,dopamine,0.7261907458305359,acetylcholine,Traced,Roughly traced
89542,glutamate,0.7806466817855835,glutamate,Traced,Roughly traced
89552,dopamine,0.6728416681289673,acetylcholine,Traced,Roughly traced
89574,dopamine,0.741075336933136,acetylcholine,Traced,Roughly traced
89623,dopamine,0.7253724932670593,acetylcholine,Traced,Roughly traced
89658,dopamine,0.7739078998565674,acetylcholine,Traced,Roughly traced
89659,dopamine,0.7448387742042542,acetylcholine,Traced,Roughly traced
89718,dopamine,0.7754241824150085,acetylcholine,Traced,Roughly traced
89719,dopamine,0.7517889738082886,acetylcholine,Traced,Roughly traced
89761,dopamine,0.7387597560882568,acetylcholine,Traced,Prelim Roughly traced
89804,dopamine,0.7078500390052795,acetylcholine,Traced,Roughly traced
89834,dopamine,0.7022508382797241,acetylcholine,Traced,Roughly traced
89839,dopamine,0.7424087524414062,acetylcholine,Traced,Prelim Roughly traced
89841,dopamine,0.7548483610153198,acetylcholine,Traced,Prelim Roughly traced
89862,dopamine,0.7518695592880249,acetylcholine,Traced,Roughly traced
89937,glutamate,0.8025996685028076,glutamate,Traced,Prelim Roughly traced
89966,glutamate,0.8244091868400574,glutamate,Traced,Prelim Roughly traced
90098,dopamine,0.7082902193069458,acetylcholine,Traced,Roughly traced
90138,dopamine,0.7087996602058411,acetylcholine,Traced,Roughly traced
90181,dopamine,0.7578422427177429,acetylcholine,Traced,Roughly traced
90266,dopamine,0.8358268141746521,acetylcholine,Traced,Roughly traced
90291,dopamine,0.7625775933265686,acetylcholine,Traced,Roughly traced
90323,dopamine,0.7322909235954285,acetylcholine,Traced,Roughly traced
90352,dopamine,0.7592703700065613,acetylcholine,Traced,Roughly traced
90357,acetylcholine,0.9024767875671387,acetylcholine,Traced,Roughly traced
90403,dopamine,0.8111206293106079,acetylcholine,Traced,Roughly traced
90439,dopamine,0.7615607380867004,acetylcholine,Traced,Roughly traced
90459,dopamine,0.7535404562950134,acetylcholine,Traced,Roughly traced
90473,dopamine,0.7730258703231812,acetylcholine,Traced,Roughly traced
90568,glutamate,0.803112804889679,glutamate,Traced,Prelim Roughly traced
90574,serotonin,0.5364648103713989,unclear,Traced,Roughly traced
90650,dopamine,0.7622760534286499,acetylcholine,Traced,Roughly traced
90672,dopamine,0.8097795248031616,acetylcholine,Traced,Prelim Roughly traced
90805,dopamine,0.7041414380073547,acetylcholine,Traced,Roughly traced
90809,dopamine,0.7071452736854553,acetylcholine,Traced,Roughly traced
90812,dopamine,0.7100914120674133,acetylcholine,Traced,Roughly traced
90885,acetylcholine,0.9572441577911377,acetylcholine,Traced,Roughly traced
90902,dopamine,0.9067873358726501,dopamine,Traced,Prelim Roughly traced
90905,dopamine,0.7181051969528198,acetylcholine,Traced,Roughly traced
90928,dopamine,0.790767252445221,acetylcholine,Traced,Roughly traced
90935,dopamine,0.7431145906448364,acetylcholine,Traced,Roughly traced
90944,dopamine,0.6982280611991882,acetylcholine,Traced,Roughly traced
91072,acetylcholine,0.9747326970100403,acetylcholine,Traced,Roughly traced
91271,acetylcholine,0.8704573512077332,acetylcholine,Traced,Roughly traced
91382,dopamine,0.6715458631515503,acetylcholine,Traced,Roughly traced
91386,dopamine,0.7224301099777222,acetylcholine,Traced,Roughly traced
91493,dopamine,0.7617843747138977,acetylcholine,Traced,Roughly traced
91497,dopamine,0.7646183371543884,acetylcholine,Traced,Prelim Roughly traced
91544,dopamine,0.7876009941101074,acetylcholine,Traced,Roughly traced
91595,dopamine,0.7707774043083191,acetylcholine,Traced,Roughly traced
91751,dopamine,0.6866769790649414,acetylcholine,Traced,Roughly traced
91797,dopamine,0.7565182447433472,acetylcholine,Traced,Roughly traced
91824,acetylcholine,0.958825945854187,acetylcholine,Traced,Prelim Roughly traced
91960,dopamine,0.6264110803604126,acetylcholine,Traced,Roughly traced
92031,dopamine,0.7816405296325684,acetylcholine,Traced,Roughly traced
92040,dopamine,0.760267972946167,acetylcholine,Traced,Roughly traced
92106,dopamine,0.7894576787948608,acetylcholine,Traced,Roughly traced
92112,glutamate,0.8214601278305054,glutamate,Traced,Roughly traced
92149,dopamine,0.7194467186927795,acetylcholine,Traced,Roughly traced
92190,dopamine,0.682633638381958,acetylcholine,Traced,Roughly traced
92252,dopamine,0.7561425566673279,acetylcholine,Traced,Roughly traced
92270,acetylcholine,0.9460133910179138,acetylcholine,Traced,Roughly traced
92274,dopamine,0.6785492897033691,acetylcholine,Traced,Roughly traced
92294,dopamine,0.7120994925498962,acetylcholine,Traced,Roughly traced
92324,dopamine,0.9152736663818359,dopamine,Traced,Roughly traced
92335,dopamine,0.7320456504821777,acetylcholine,Traced,Roughly traced
92387,glutamate,0.8481704592704773,glutamate,Traced,Prelim Roughly traced
92430,dopamine,0.727790892124176,acetylcholine,Traced,Roughly traced
92484,dopamine,0.7159640192985535,acetylcholine,Traced,Roughly traced
92494,dopamine,0.801165759563446,acetylcholine,Traced,Roughly traced
92504,dopamine,0.7793380618095398,acetylcholine,Traced,Roughly traced
92532,dopamine,0.824016809463501,acetylcholine,Traced,Roughly traced
92541,acetylcholine,0.9010071158409119,acetylcholine,Traced,Prelim Roughly traced
92563,dopamine,0.7754340767860413,acetylcholine,Traced,Roughly traced
92564,glutamate,0.7337964773178101,glutamate,Traced,Roughly traced
92574,dopamine,0.7666337490081787,acetylcholine,Traced,Roughly traced
92576,glutamate,0.8004552721977234,glutamate,Traced,Roughly traced
92628,dopamine,0.7619876861572266,acetylcholine,Traced,Roughly traced
92635,dopamine,0.7206270694732666,acetylcholine,Traced,Roughly traced
92662,dopamine,0.717449963092804,acetylcholine,Traced,Roughly traced
92687,dopamine,0.7365677952766418,acetylcholine,Traced,Roughly traced
92716,dopamine,0.7973819971084595,acetylcholine,Traced,Roughly traced
92734,glutamate,0.7862589359283447,glutamate,Traced,Roughly traced
92794,dopamine,0.8136556148529053,acetylcholine,Traced,Roughly traced
92809,dopamine,0.7034451365470886,acetylcholine,Traced,Roughly traced
92836,acetylcholine,0.9170928001403809,acetylcholine,Traced,Prelim Roughly traced
92871,glutamate,0.5360084176063538,glutamate,Traced,Roughly traced
92877,dopamine,0.6901671886444092,acetylcholine,Traced,Roughly traced
92907,gaba,0.7809377312660217,gaba,Traced,Prelim Roughly traced
92952,dopamine,0.7001217007637024,acetylcholine,Traced,Roughly traced
92960,dopamine,0.8017281293869019,acetylcholine,Traced,Roughly traced
92985,dopamine,0.7448527812957764,acetylcholine,Traced,Roughly traced
93060,acetylcholine,0.9052498936653137,acetylcholine,Traced,Roughly traced
93108,dopamine,0.7038268446922302,acetylcholine,Traced,Roughly traced
93113,dopamine,0.7809452414512634,acetylcholine,Traced,Roughly traced
93128,dopamine,0.7482932806015015,acetylcholine,Traced,Roughly traced
93150,dopamine,0.7108800411224365,acetylcholine,Traced,Roughly traced
93263,dopamine,0.6796241998672485,acetylcholine,Traced,Roughly traced
93288,dopamine,0.7632920145988464,acetylcholine,Traced,Roughly traced
93301,dopamine,0.714913547039032,acetylcholine,Traced,Roughly traced
93314,dopamine,0.7004384398460388,acetylcholine,Traced,Roughly traced
93325,dopamine,0.743826150894165,acetylcholine,Traced,Roughly traced
93326,dopamine,0.7866395711898804,acetylcholine,Traced,Roughly traced
93380,dopamine,0.7246646285057068,acetylcholine,Traced,Roughly traced
93464,dopamine,0.7947836518287659,acetylcholine,Traced,Roughly traced
93555,acetylcholine,0.9562231302261353,acetylcholine,Traced,Roughly traced
93582,dopamine,0.7307722568511963,acetylcholine,Traced,Roughly traced
93593,dopamine,0.7219579815864563,acetylcholine,Traced,Roughly traced
93704,dopamine,0.9047464728355408,dopamine,Traced,Roughly traced
93772,dopamine,0.7958524227142334,acetylcholine,Traced,Prelim Roughly traced
93797,dopamine,0.6985491514205933,acetylcholine,Traced,Roughly traced
93837,dopamine,0.8140034675598145,acetylcholine,Traced,Roughly traced
93889,dopamine,0.7260146737098694,acetylcholine,Traced,Roughly traced
93893,dopamine,0.7951794862747192,acetylcholine,Traced,Roughly traced
93976,dopamine,0.7187221050262451,acetylcholine,Traced,Roughly traced
94018,dopamine,0.7806577086448669,acetylcholine,Traced,Roughly traced
94050,dopamine,0.7092626690864563,acetylcholine,Traced,Roughly traced
94101,dopamine,0.7218605279922485,acetylcholine,Traced,Roughly traced
94170,glutamate,0.8209460377693176,glutamate,Traced,Prelim Roughly traced
94240,dopamine,0.6773771643638611,acetylcholine,Traced,Roughly traced
94250,dopamine,0.9074369072914124,dopamine,Traced,Roughly traced
94336,dopamine,0.7683926820755005,acetylcholine,Traced,Prelim Roughly traced
94433,unclear,0.46451207995414734,acetylcholine,Traced,Roughly traced
94489,dopamine,0.8248767256736755,acetylcholine,Traced,Roughly traced
94490,dopamine,0.767224907875061,acetylcholine,Traced,Roughly traced
94491,dopamine,0.7275729775428772,acetylcholine,Traced,Roughly traced
94509,dopamine,0.6953639984130859,acetylcholine,Traced,Roughly traced
94518,dopamine,0.6531167030334473,acetylcholine,Traced,Roughly traced
94622,dopamine,0.7216307520866394,acetylcholine,Traced,Roughly traced
94694,acetylcholine,0.9066516160964966,acetylcholine,Traced,Roughly traced
94721,dopamine,0.696667492389679,acetylcholine,Traced,Roughly traced
94754,dopamine,0.7389035224914551,acetylcholine,Traced,Roughly traced
94785,dopamine,0.7641522884368896,acetylcholine,Traced,Roughly traced
94790,dopamine,0.7342286109924316,acetylcholine,Traced,Roughly traced
94802,dopamine,0.6653441190719604,acetylcholine,Traced,Roughly traced
94839,dopamine,0.7031275629997253,acetylcholine,Traced,Roughly traced
94922,dopamine,0.9004567265510559,dopamine,Traced,Roughly traced
94974,dopamine,0.7534328699111938,acetylcholine,Traced,Prelim Roughly traced
95025,glutamate,0.7972289323806763,glutamate,Traced,Prelim Roughly traced
95084,acetylcholine,0.9490029811859131,acetylcholine,Traced,Prelim Roughly traced
95213,dopamine,0.7946764826774597,acetylcholine,Traced,Roughly traced
95331,glutamate,0.84305739402771,glutamate,Traced,Prelim Roughly traced
95358,dopamine,0.7078227400779724,acetylcholine,Traced,Roughly traced
95367,dopamine,0.7349154949188232,acetylcholine,Traced,Roughly traced
95397,dopamine,0.7296975255012512,acetylcholine,Traced,Roughly traced
95523,dopamine,0.8555774688720703,dopamine,Traced,Prelim Roughly traced
95548,dopamine,0.7187017798423767,acetylcholine,Traced,Roughly traced
95581,dopamine,0.7895220518112183,acetylcholine,Traced,Roughly traced
95585,dopamine,0.8237113952636719,acetylcholine,Traced,Roughly traced
95590,dopamine,0.8142902255058289,acetylcholine,Traced,Roughly traced
95591,dopamine,0.7022708654403687,acetylcholine,Traced,Roughly traced
95645,acetylcholine,0.9332666993141174,acetylcholine,Traced,Prelim Roughly traced
95653,dopamine,0.7379163503646851,acetylcholine,Traced,Roughly traced
95699,dopamine,0.7704917192459106,acetylcholine,Traced,Roughly traced
95707,dopamine,0.7351953983306885,acetylcholine,Traced,Roughly traced
95783,dopamine,0.7625108957290649,acetylcholine,Traced,Prelim Roughly traced
95877,acetylcholine,0.9164779782295227,acetylcholine,Traced,Prelim Roughly traced
95947,acetylcholine,0.9073174595832825,acetylcholine,Traced,Prelim Roughly traced
96065,dopamine,0.6762656569480896,acetylcholine,Traced,Roughly traced
96131,dopamine,0.7587673664093018,acetylcholine,Traced,Roughly traced
96161,acetylcholine,0.9217695593833923,acetylcholine,Traced,Roughly traced
96191,dopamine,0.7135263681411743,acetylcholine,Traced,Roughly traced
96273,dopamine,0.7035201787948608,acetylcholine,Traced,Roughly traced
96274,dopamine,0.7407670021057129,acetylcholine,Traced,Roughly traced
96304,dopamine,0.775886595249176,acetylcholine,Traced,Roughly traced
96324,dopamine,0.7572469711303711,acetylcholine,Traced,Prelim Roughly traced
96383,dopamine,0.8048092722892761,acetylcholine,Traced,Roughly traced
96497,dopamine,0.9133245348930359,dopamine,Traced,Roughly traced
96571,dopamine,0.8962137699127197,dopamine,Traced,Roughly traced
96711,dopamine,0.7696349024772644,acetylcholine,Traced,Roughly traced
96781,dopamine,0.8013485670089722,acetylcholine,Traced,Roughly traced
96850,dopamine,0.6752422451972961,acetylcholine,Traced,Roughly traced
96902,dopamine,0.7953254580497742,acetylcholine,Traced,Roughly traced
96961,dopamine,0.7136761546134949,acetylcholine,Traced,Roughly traced
96963,dopamine,0.7982521057128906,acetylcholine,Traced,Roughly traced
96977,dopamine,0.774573802947998,acetylcholine,Traced,Roughly traced
97000,acetylcholine,0.8671108484268188,acetylcholine,Traced,Roughly traced
97182,acetylcholine,0.9114320278167725,acetylcholine,Traced,Prelim Roughly traced
97258,dopamine,0.6731976270675659,acetylcholine,Traced,Roughly traced
97305,dopamine,0.696137547492981,acetylcholine,Traced,Prelim Roughly traced
97373,dopamine,0.7330225110054016,acetylcholine,Traced,Roughly traced
97410,dopamine,0.7565963268280029,acetylcholine,Traced,Roughly traced
97510,glutamate,0.8121340274810791,glutamate,Traced,Prelim Roughly traced
97522,dopamine,0.7050080299377441,acetylcholine,Traced,Roughly traced
97573,dopamine,0.7192568778991699,acetylcholine,Traced,Roughly traced
97601,dopamine,0.7839198112487793,acetylcholine,Traced,Roughly traced
97665,acetylcholine,0.9562121033668518,acetylcholine,Traced,Prelim Roughly traced
97689,dopamine,0.7717177867889404,acetylcholine,Traced,Roughly traced
97719,dopamine,0.817939043045044,acetylcholine,Traced,Roughly traced
97738,dopamine,0.6806504130363464,acetylcholine,Traced,Roughly traced
97823,dopamine,0.7474427223205566,acetylcholine,Traced,Roughly traced
97841,acetylcholine,0.9498817324638367,acetylcholine,Traced,Roughly traced
97990,dopamine,0.9095851182937622,dopamine,Traced,Roughly traced
98120,dopamine,0.758084774017334,acetylcholine,Traced,Roughly traced
98265,dopamine,0.8833047151565552,dopamine,Traced,Roughly traced
98359,dopamine,0.768115222454071,acetylcholine,Traced,Roughly traced
98490,dopamine,0.7815223932266235,acetylcholine,Traced,Roughly traced
98509,dopamine,0.6804678440093994,acetylcholine,Traced,Roughly traced
98614,dopamine,0.7566070556640625,acetylcholine,Traced,Roughly traced
98896,glutamate,0.8405690789222717,glutamate,Traced,Prelim Roughly traced
98924,dopamine,0.7565500736236572,acetylcholine,Traced,Roughly traced
98969,dopamine,0.7656435370445251,acetylcholine,Traced,Roughly traced
98979,dopamine,0.7952132225036621,acetylcholine,Traced,Roughly traced
99089,dopamine,0.9065076112747192,dopamine,Traced,Roughly traced
99108,dopamine,0.7282114624977112,acetylcholine,Traced,Roughly traced
99140,dopamine,0.6585693955421448,acetylcholine,Traced,Roughly traced
99154,dopamine,0.6856231689453125,acetylcholine,Traced,Roughly traced
99324,dopamine,0.665465772151947,acetylcholine,Traced,Roughly traced
99329,gaba,0.737436056137085,gaba,Traced,Roughly traced
99553,acetylcholine,0.8931791186332703,acetylcholine,Traced,Prelim Roughly traced
99583,dopamine,0.7229785323143005,acetylcholine,Traced,Roughly traced
99659,dopamine,0.7651770710945129,acetylcholine,Traced,Roughly traced
99706,acetylcholine,0.7349894642829895,acetylcholine,Traced,Prelim Roughly traced
99785,dopamine,0.7684671878814697,acetylcholine,Traced,Roughly traced
99796,dopamine,0.6889764070510864,acetylcholine,Traced,Roughly traced
99819,dopamine,0.7008480429649353,acetylcholine,Traced,Roughly traced
99958,dopamine,0.719359278678894,acetylcholine,Traced,Roughly traced
100076,dopamine,0.7412267923355103,acetylcholine,Traced,Roughly traced
100167,acetylcholine,0.9016995429992676,acetylcholine,Traced,Roughly traced
100204,dopamine,0.7487421631813049,acetylcholine,Traced,Roughly traced
100217,unclear,0.457142174243927,gaba,Traced,Prelim Roughly traced
100258,dopamine,0.912433385848999,dopamine,Traced,Roughly traced
100335,dopamine,0.7088050246238708,acetylcholine,Traced,Roughly traced
100420,gaba,0.7536087036132812,gaba,Traced,Roughly traced
100423,dopamine,0.7205140590667725,acetylcholine,Traced,Roughly traced
100453,glutamate,0.8231503963470459,glutamate,Traced,Roughly traced
100497,dopamine,0.798516571521759,acetylcholine,Traced,Roughly traced
100537,dopamine,0.7014729380607605,acetylcholine,Traced,Roughly traced
100544,dopamine,0.7223737835884094,acetylcholine,Traced,Roughly traced
100638,glutamate,0.7687050104141235,glutamate,Traced,Roughly traced
100672,dopamine,0.7723678350448608,acetylcholine,Traced,Roughly traced
100676,glutamate,0.8113040924072266,glutamate,Traced,Roughly traced
100795,dopamine,0.7877746820449829,acetylcholine,Traced,Roughly traced
100815,dopamine,0.7634035348892212,acetylcholine,Traced,Roughly traced
100823,dopamine,0.7024816870689392,acetylcholine,Traced,Roughly traced
100914,dopamine,0.6582577228546143,acetylcholine,Traced,Roughly traced
100950,dopamine,0.7748346328735352,acetylcholine,Traced,Roughly traced
101052,glutamate,0.8028372526168823,glutamate,Traced,Prelim Roughly traced
101257,dopamine,0.6789455413818359,acetylcholine,Traced,Roughly traced
101320,dopamine,0.7536534667015076,acetylcholine,Traced,Roughly traced
101490,dopamine,0.7933160662651062,acetylcholine,Traced,Roughly traced
101593,glutamate,0.7997657656669617,glutamate,Traced,Prelim Roughly traced
101652,acetylcholine,0.9490856528282166,acetylcholine,Traced,Roughly traced
101683,acetylcholine,0.9000713229179382,acetylcholine,Traced,Roughly traced
101691,dopamine,0.8117806315422058,acetylcholine,Traced,Roughly traced
101802,dopamine,0.8254155516624451,acetylcholine,Traced,Roughly traced
101816,dopamine,0.6930345296859741,acetylcholine,Traced,Roughly traced
101969,acetylcholine,0.8474050760269165,acetylcholine,Traced,Roughly traced
102042,dopamine,0.7998288869857788,acetylcholine,Traced,Roughly traced
102084,dopamine,0.7029892206192017,acetylcholine,Traced,Roughly traced
102210,dopamine,0.7359780073165894,acetylcholine,Traced,Roughly traced
102310,dopamine,0.7485595345497131,acetylcholine,Traced,Roughly traced
102357,dopamine,0.701274037361145,acetylcholine,Traced,Roughly traced
102457,dopamine,0.7170659303665161,acetylcholine,Traced,Roughly traced
102468,dopamine,0.7313317060470581,acetylcholine,Traced,Roughly traced
102587,dopamine,0.7463303804397583,acetylcholine,Traced,Roughly traced
102671,dopamine,0.7922075986862183,acetylcholine,Traced,Roughly traced
102677,acetylcholine,0.8660312294960022,acetylcholine,Traced,Prelim Roughly traced
102748,dopamine,0.7633377313613892,acetylcholine,Traced,Roughly traced
102878,glutamate,0.7626729011535645,glutamate,Traced,Roughly traced
102923,dopamine,0.7175616025924683,acetylcholine,Traced,Roughly traced
102936,dopamine,0.9119051694869995,dopamine,Traced,Prelim Roughly traced
102990,dopamine,0.7621565461158752,acetylcholine,Traced,Roughly traced
102997,dopamine,0.7761067748069763,acetylcholine,Traced,Roughly traced
103011,dopamine,0.7096983790397644,acetylcholine,Traced,Roughly traced
103112,acetylcholine,0.9119317531585693,acetylcholine,Traced,Prelim Roughly traced
103221,acetylcholine,0.8644968271255493,acetylcholine,Traced,Prelim Roughly traced
103255,dopamine,0.917156994342804,dopamine,Traced,Prelim Roughly traced
103274,dopamine,0.7929958701133728,acetylcholine,Traced,Roughly traced
103278,dopamine,0.6444463729858398,acetylcholine,Traced,Roughly traced
103379,glutamate,0.8207594156265259,glutamate,Traced,Roughly traced
103401,dopamine,0.769904613494873,acetylcholine,Traced,Roughly traced
103419,dopamine,0.7840261459350586,acetylcholine,Traced,Roughly traced
103433,dopamine,0.9055778980255127,dopamine,Traced,Roughly traced
103640,dopamine,0.7042815685272217,acetylcholine,Traced,Roughly traced
103663,dopamine,0.792336642742157,acetylcholine,Traced,Roughly traced
103704,dopamine,0.7771936655044556,acetylcholine,Traced,Roughly traced
103832,dopamine,0.6528227925300598,acetylcholine,Traced,Roughly traced
103945,dopamine,0.7831745147705078,acetylcholine,Traced,Roughly traced
103997,acetylcholine,0.949820339679718,acetylcholine,Traced,Roughly traced
103999,gaba,0.8024898767471313,gaba,Traced,Prelim Roughly traced
104082,dopamine,0.7452228665351868,acetylcholine,Traced,Roughly traced
104086,dopamine,0.7626319527626038,acetylcholine,Traced,Roughly traced
104087,acetylcholine,0.872750997543335,acetylcholine,Traced,Prelim Roughly traced
104117,dopamine,0.818484902381897,acetylcholine,Traced,Roughly traced
104149,dopamine,0.7552922964096069,acetylcholine,Traced,Roughly traced
104166,dopamine,0.7412270307540894,acetylcholine,Traced,Prelim Roughly traced
104232,dopamine,0.787990927696228,acetylcholine,Traced,Roughly traced
104240,dopamine,0.7095144987106323,acetylcholine,Traced,Roughly traced
104270,acetylcholine,0.8829543590545654,acetylcholine,Traced,Prelim Roughly traced
104293,dopamine,0.7433741092681885,acetylcholine,Traced,Roughly traced
104393,dopamine,0.7432258129119873,acetylcholine,Traced,Roughly traced
104460,dopamine,0.9117462635040283,dopamine,Traced,Roughly traced
104490,dopamine,0.7071223258972168,acetylcholine,Traced,Roughly traced
104526,dopamine,0.7390820980072021,acetylcholine,Traced,Prelim Roughly traced
104633,acetylcholine,0.9518016576766968,acetylcholine,Traced,Prelim Roughly traced
104713,dopamine,0.872788667678833,dopamine,Traced,Prelim Roughly traced
104723,dopamine,0.7490651607513428,acetylcholine,Traced,Roughly traced
104745,dopamine,0.8150660991668701,acetylcholine,Traced,Roughly traced
104755,dopamine,0.6581923961639404,acetylcholine,Traced,Roughly traced
104762,glutamate,0.823948085308075,glutamate,Traced,Roughly traced
104846,dopamine,0.7884231805801392,acetylcholine,Traced,Roughly traced
104887,dopamine,0.7689343094825745,acetylcholine,Traced,Roughly traced
104940,dopamine,0.7699505090713501,acetylcholine,Traced,Roughly traced
104980,dopamine,0.753991425037384,acetylcholine,Traced,Roughly traced
104985,glutamate,0.7078002095222473,glutamate,Traced,Roughly traced
105134,dopamine,0.781837522983551,acetylcholine,Traced,Roughly traced
105173,acetylcholine,0.9206708669662476,acetylcholine,Traced,Roughly traced
105264,dopamine,0.7716607451438904,acetylcholine,Traced,Roughly traced
105330,dopamine,0.7772606611251831,acetylcholine,Traced,Roughly traced
105345,dopamine,0.7382326722145081,acetylcholine,Traced,Roughly traced
105349,dopamine,0.7754780650138855,acetylcholine,Traced,Roughly traced
105362,dopamine,0.9068623185157776,dopamine,Traced,Roughly traced
105365,dopamine,0.8652899861335754,dopamine,Traced,Prelim Roughly traced
105427,acetylcholine,0.8244827389717102,acetylcholine,Traced,Roughly traced
105436,glutamate,0.5945915579795837,glutamate,Traced,Roughly traced
105556,acetylcholine,0.9449812769889832,acetylcholine,Traced,Roughly traced
105676,dopamine,0.8066195249557495,acetylcholine,Traced,Roughly traced
105684,dopamine,0.6720590591430664,acetylcholine,Traced,Roughly traced
105807,dopamine,0.7783669829368591,acetylcholine,Traced,Roughly traced
106034,dopamine,0.7480918765068054,acetylcholine,Traced,Roughly traced
106124,dopamine,0.709335207939148,acetylcholine,Traced,Roughly traced
106236,dopamine,0.7864477634429932,acetylcholine,Traced,Roughly traced
106382,gaba,0.767440140247345,gaba,Traced,Roughly traced
106434,acetylcholine,0.9150733947753906,acetylcholine,Traced,Roughly traced
106446,dopamine,0.7616497874259949,acetylcholine,Traced,Roughly traced
106654,glutamate,0.8222343921661377,glutamate,Traced,Prelim Roughly traced
106711,dopamine,0.6902952194213867,acetylcholine,Traced,Roughly traced
106828,dopamine,0.7612743973731995,acetylcholine,Traced,Roughly traced
106846,dopamine,0.7504681944847107,acetylcholine,Traced,Roughly traced
106882,dopamine,0.6706802248954773,acetylcholine,Traced,Roughly traced
106893,dopamine,0.7846425175666809,acetylcholine,Traced,Roughly traced
106931,dopamine,0.7320347428321838,acetylcholine,Traced,Roughly traced
106981,dopamine,0.7514857649803162,acetylcholine,Traced,Roughly traced
107027,dopamine,0.7985591292381287,acetylcholine,Traced,Roughly traced
107041,dopamine,0.8184110522270203,acetylcholine,Traced,Roughly traced
107197,dopamine,0.7469903230667114,acetylcholine,Traced,Prelim Roughly traced
107200,acetylcholine,0.9270435571670532,acetylcholine,Traced,Roughly traced
107336,dopamine,0.7147202491760254,acetylcholine,Traced,Roughly traced
107449,acetylcholine,0.9576302170753479,acetylcholine,Traced,Prelim Roughly traced
107453,dopamine,0.7697200179100037,acetylcholine,Traced,Roughly traced
107471,glutamate,0.791358232498169,glutamate,Traced,Prelim Roughly traced
107531,acetylcholine,0.9483069181442261,acetylcholine,Traced,Roughly traced
107653,dopamine,0.8093059062957764,acetylcholine,Traced,Roughly traced
107657,dopamine,0.8285612463951111,acetylcholine,Traced,Roughly traced
107730,glutamate,0.7353211641311646,glutamate,Traced,Roughly traced
107761,dopamine,0.7496501207351685,acetylcholine,Traced,Roughly traced
107780,dopamine,0.7230825424194336,acetylcholine,Traced,Roughly traced
107840,dopamine,0.7705570459365845,acetylcholine,Traced,Roughly traced
107986,dopamine,0.8964430689811707,dopamine,Traced,Roughly traced
108002,dopamine,0.7571909427642822,acetylcholine,Traced,Prelim Roughly traced
108124,dopamine,0.7118558287620544,acetylcholine,Traced,Roughly traced
108126,dopamine,0.7251008152961731,acetylcholine,Traced,Roughly traced
108399,acetylcholine,0.9497578740119934,acetylcholine,Traced,Roughly traced
108406,dopamine,0.6843371987342834,acetylcholine,Traced,Roughly traced
108429,dopamine,0.908490777015686,dopamine,Traced,Roughly traced
108481,dopamine,0.728463351726532,acetylcholine,Traced,Roughly traced
108526,acetylcholine,0.856747031211853,acetylcholine,Traced,Prelim Roughly traced
108576,dopamine,0.9095938801765442,dopamine,Traced,Roughly traced
108602,dopamine,0.7061325311660767,acetylcholine,Traced,Roughly traced
108622,dopamine,0.7666348218917847,acetylcholine,Traced,Roughly traced
108777,glutamate,0.7830682396888733,glutamate,Traced,Prelim Roughly traced
108833,dopamine,0.7575398087501526,acetylcholine,Traced,Prelim Roughly traced
108992,acetylcholine,0.8840562105178833,acetylcholine,Traced,Roughly traced
109056,dopamine,0.7268610000610352,acetylcholine,Traced,Roughly traced
109332,dopamine,0.7145489454269409,acetylcholine,Traced,Roughly traced
109565,acetylcholine,0.918406069278717,acetylcholine,Traced,Roughly traced
109624,dopamine,0.9063699245452881,dopamine,Traced,Prelim Roughly traced
109693,acetylcholine,0.9336442947387695,acetylcholine,Traced,Roughly traced
109755,dopamine,0.8037136793136597,acetylcholine,Traced,Roughly traced
109793,dopamine,0.9092391133308411,dopamine,Traced,Roughly traced
109862,dopamine,0.7854271531105042,acetylcholine,Traced,Roughly traced
109871,dopamine,0.6551406383514404,acetylcholine,Traced,Roughly traced
109873,dopamine,0.7928208112716675,acetylcholine,Traced,Prelim Roughly traced
109887,acetylcholine,0.9191300272941589,acetylcholine,Traced,Roughly traced
109910,dopamine,0.7398945093154907,acetylcholine,Traced,Roughly traced
109931,acetylcholine,0.8938676118850708,acetylcholine,Traced,Roughly traced
109988,dopamine,0.7483872175216675,acetylcholine,Traced,Roughly traced
110009,dopamine,0.7687094807624817,acetylcholine,Traced,Roughly traced
110011,glutamate,0.8232535719871521,glutamate,Traced,Roughly traced
110079,dopamine,0.698058009147644,acetylcholine,Traced,Roughly traced
110269,dopamine,0.7238560914993286,acetylcholine,Traced,Roughly traced
110291,acetylcholine,0.9341264367103577,acetylcholine,Traced,Prelim Roughly traced
110338,dopamine,0.7892957925796509,acetylcholine,Traced,Roughly traced
110361,glutamate,0.7869928479194641,glutamate,Traced,Roughly traced
110380,dopamine,0.7861454486846924,acetylcholine,Traced,Roughly traced
110388,acetylcholine,0.9044962525367737,acetylcholine,Traced,Roughly traced
110448,glutamate,0.8135735392570496,glutamate,Traced,Prelim Roughly traced
110599,dopamine,0.7963453531265259,acetylcholine,Traced,Roughly traced
110624,acetylcholine,0.9283773303031921,acetylcholine,Traced,Roughly traced
110653,dopamine,0.9016799926757812,dopamine,Traced,Roughly traced
110674,dopamine,0.7276135087013245,acetylcholine,Traced,Roughly traced
110815,dopamine,0.7077664136886597,acetylcholine,Traced,Roughly traced
110897,dopamine,0.7334222793579102,acetylcholine,Traced,Roughly traced
110924,acetylcholine,0.9462018013000488,acetylcholine,Traced,Roughly traced
111060,dopamine,0.7410754561424255,acetylcholine,Traced,Roughly traced
111102,acetylcholine,0.8228226900100708,acetylcholine,Traced,Roughly traced
111147,acetylcholine,0.8567361831665039,acetylcholine,Traced,Roughly traced
111165,dopamine,0.7755630612373352,acetylcholine,Traced,Prelim Roughly traced
111169,acetylcholine,0.9374974966049194,acetylcholine,Traced,Roughly traced
111185,dopamine,0.6285779476165771,acetylcholine,Traced,Roughly traced
111360,dopamine,0.7200620174407959,acetylcholine,Traced,Roughly traced
111665,dopamine,0.9165081977844238,dopamine,Traced,Roughly traced
111812,dopamine,0.7577852010726929,acetylcholine,Traced,Roughly traced
111985,dopamine,0.7705570459365845,acetylcholine,Traced,Roughly traced
112023,dopamine,0.7320898175239563,acetylcholine,Traced,Roughly traced
112471,gaba,0.6728976964950562,gaba,Traced,Prelim Roughly traced
112538,gaba,0.8379383087158203,gaba,Traced,Prelim Roughly traced
112870,acetylcholine,0.9228410124778748,acetylcholine,Traced,Prelim Roughly traced
112896,dopamine,0.676483690738678,acetylcholine,Traced,Roughly traced
113001,dopamine,0.9025722742080688,dopamine,Traced,Roughly traced
113055,dopamine,0.773902416229248,acetylcholine,Traced,Roughly traced
113057,dopamine,0.7710780501365662,acetylcholine,Traced,Roughly traced
113090,dopamine,0.6910715699195862,acetylcholine,Traced,Roughly traced
113280,dopamine,0.6741800904273987,acetylcholine,Traced,Roughly traced
113394,dopamine,0.7944917678833008,acetylcholine,Traced,Roughly traced
113513,gaba,0.8314454555511475,gaba,Traced,Prelim Roughly traced
113606,dopamine,0.7983452081680298,acetylcholine,Traced,Roughly traced
113611,dopamine,0.7879359126091003,acetylcholine,Traced,Roughly traced
113661,dopamine,0.6820367574691772,acetylcholine,Traced,Roughly traced
113818,glutamate,0.8200193047523499,glutamate,Traced,Prelim Roughly traced
113835,dopamine,0.7558251619338989,acetylcholine,Traced,Roughly traced
113840,glutamate,0.8255786895751953,glutamate,Traced,Prelim Roughly traced
113903,dopamine,0.7409707903862,acetylcholine,Traced,Roughly traced
114066,gaba,0.7465394735336304,gaba,Traced,Prelim Roughly traced
114089,dopamine,0.7683215737342834,acetylcholine,Traced,Roughly traced
114103,dopamine,0.7309166193008423,acetylcholine,Traced,Roughly traced
114209,dopamine,0.6710439324378967,acetylcholine,Traced,Roughly traced
114213,glutamate,0.8335847854614258,glutamate,Traced,Prelim Roughly traced
114316,dopamine,0.7683765888214111,acetylcholine,Traced,Roughly traced
114354,dopamine,0.7571946382522583,acetylcholine,Traced,Roughly traced
114370,dopamine,0.6966679692268372,acetylcholine,Traced,Roughly traced
114402,acetylcholine,0.8972291946411133,acetylcholine,Traced,Roughly traced
114522,dopamine,0.8573454022407532,dopamine,Traced,Roughly traced
114541,acetylcholine,0.9441108703613281,acetylcholine,Traced,Prelim Roughly traced
114594,dopamine,0.7667967081069946,acetylcholine,Traced,Prelim Roughly traced
114661,dopamine,0.8666467070579529,dopamine,Traced,Roughly traced
114700,dopamine,0.9219732880592346,dopamine,Traced,Roughly traced
114715,acetylcholine,0.879852831363678,acetylcholine,Traced,Roughly traced
115005,glutamate,0.8057534694671631,glutamate,Traced,Prelim Roughly traced
115071,dopamine,0.7330562472343445,acetylcholine,Traced,Roughly traced
115267,dopamine,0.7376519441604614,acetylcholine,Traced,Roughly traced
115345,acetylcholine,0.9403542280197144,acetylcholine,Traced,Roughly traced
115485,dopamine,0.7783583402633667,acetylcholine,Traced,Roughly traced
115501,dopamine,0.7622754573822021,acetylcholine,Traced,Roughly traced
115546,glutamate,0.8304764032363892,glutamate,Traced,Prelim Roughly traced
115598,glutamate,0.7429814338684082,glutamate,Traced,Roughly traced
115617,dopamine,0.7992674112319946,dopamine,Traced,Roughly traced
115868,dopamine,0.8660938739776611,dopamine,Traced,Roughly traced
115974,acetylcholine,0.9160773158073425,acetylcholine,Traced,Prelim Roughly traced
116134,gaba,0.7410724759101868,gaba,Traced,Prelim Roughly traced
116185,glutamate,0.6901373863220215,glutamate,Traced,Prelim Roughly traced
116200,glutamate,0.7966324090957642,glutamate,Traced,Roughly traced
116454,gaba,0.6014502048492432,gaba,Traced,Prelim Roughly traced
116467,dopamine,0.7925743460655212,acetylcholine,Traced,Roughly traced
116897,glutamate,0.729019045829773,glutamate,Traced,Prelim Roughly traced
116958,glutamate,0.8536372184753418,glutamate,Traced,Prelim Roughly traced
117040,glutamate,0.77162766456604,glutamate,Traced,Prelim Roughly traced
117041,dopamine,0.7677097916603088,acetylcholine,Traced,Roughly traced
117050,acetylcholine,0.7953075170516968,acetylcholine,Traced,Prelim Roughly traced
117192,dopamine,0.6183753609657288,acetylcholine,Traced,Roughly traced
117211,glutamate,0.8447954654693604,glutamate,Traced,Roughly traced
117228,dopamine,0.6793596744537354,acetylcholine,Traced,Roughly traced
117238,acetylcholine,0.9299966096878052,acetylcholine,Traced,Roughly traced
117243,dopamine,0.5739341378211975,acetylcholine,Traced,Roughly traced
117342,dopamine,0.7913519144058228,acetylcholine,Traced,Prelim Roughly traced
117370,dopamine,0.7588210105895996,acetylcholine,Traced,Roughly traced
117375,dopamine,0.7787129878997803,acetylcholine,Traced,Roughly traced
117495,dopamine,0.7500431537628174,acetylcholine,Traced,Roughly traced
117660,dopamine,0.6457781195640564,acetylcholine,Traced,Roughly traced
117777,dopamine,0.7799062728881836,acetylcholine,Traced,Roughly traced
117883,dopamine,0.7652378678321838,acetylcholine,Traced,Roughly traced
117886,dopamine,0.7921702265739441,acetylcholine,Traced,Roughly traced
118021,dopamine,0.7289159297943115,acetylcholine,Traced,Roughly traced
118041,dopamine,0.7561801075935364,acetylcholine,Traced,Roughly traced
118204,dopamine,0.832344114780426,acetylcholine,Traced,Roughly traced
118234,acetylcholine,0.9508564472198486,acetylcholine,Traced,Prelim Roughly traced
118341,dopamine,0.6695878505706787,acetylcholine,Traced,Roughly traced
118351,dopamine,0.7996863126754761,acetylcholine,Traced,Roughly traced
118489,acetylcholine,0.8821462392807007,acetylcholine,Traced,Roughly traced
118504,dopamine,0.7902113199234009,acetylcholine,Traced,Roughly traced
118532,dopamine,0.7052474021911621,acetylcholine,Traced,Roughly traced
118569,dopamine,0.6737483739852905,acetylcholine,Traced,Roughly traced
118595,dopamine,0.7471384406089783,acetylcholine,Traced,Roughly traced
118629,dopamine,0.8013167977333069,acetylcholine,Traced,Prelim Roughly traced
118636,dopamine,0.7418715357780457,acetylcholine,Traced,Roughly traced
118643,acetylcholine,0.9462381601333618,acetylcholine,Traced,Prelim Roughly traced
118761,glutamate,0.8163453936576843,glutamate,Traced,Prelim Roughly traced
118769,dopamine,0.7493814826011658,acetylcholine,Traced,Prelim Roughly traced
119091,acetylcholine,0.9034982323646545,acetylcholine,Traced,Roughly traced
119160,dopamine,0.7101501226425171,acetylcholine,Traced,Roughly traced
119171,acetylcholine,0.8900083899497986,acetylcholine,Traced,Roughly traced
119278,dopamine,0.7178648114204407,acetylcholine,Traced,Prelim Roughly traced
119468,dopamine,0.7247999310493469,acetylcholine,Traced,Roughly traced
119499,dopamine,0.8411746025085449,dopamine,Traced,Prelim Roughly traced
119763,dopamine,0.8875950574874878,dopamine,Traced,Roughly traced
119852,dopamine,0.7424715757369995,acetylcholine,Traced,Roughly traced
119860,glutamate,0.5297946333885193,glutamate,Traced,Roughly traced
120094,dopamine,0.770922839641571,acetylcholine,Traced,Roughly traced
120259,dopamine,0.8795288801193237,dopamine,Traced,Roughly traced
120567,dopamine,0.7793615460395813,acetylcholine,Traced,Roughly traced
120689,dopamine,0.7741655111312866,acetylcholine,Traced,Roughly traced
120699,dopamine,0.7634143829345703,acetylcholine,Traced,Roughly traced
120726,dopamine,0.7201625108718872,acetylcholine,Traced,Roughly traced
120768,dopamine,0.9005079865455627,dopamine,Traced,Roughly traced
120781,dopamine,0.7255290150642395,acetylcholine,Traced,Prelim Roughly traced
120914,dopamine,0.7859139442443848,acetylcholine,Traced,Prelim Roughly traced
121138,dopamine,0.6843624711036682,acetylcholine,Traced,Prelim Roughly traced
121150,dopamine,0.7945703268051147,acetylcholine,Traced,Prelim Roughly traced
121241,dopamine,0.7254668474197388,acetylcholine,Traced,Prelim Roughly traced
121413,acetylcholine,0.9630969762802124,acetylcholine,Traced,Roughly traced
121510,acetylcholine,0.951403796672821,acetylcholine,Traced,Roughly traced
121769,dopamine,0.7622652053833008,acetylcholine,Traced,Prelim Roughly traced
121966,dopamine,0.6666558980941772,acetylcholine,Traced,Prelim Roughly traced
122000,dopamine,0.7925347089767456,acetylcholine,Traced,Prelim Roughly traced
122062,dopamine,0.9054771065711975,dopamine,Traced,Prelim Roughly traced
122089,dopamine,0.7777436971664429,acetylcholine,Traced,Prelim Roughly traced
122110,dopamine,0.6613550186157227,acetylcholine,Traced,Roughly traced
122137,dopamine,0.7534530162811279,acetylcholine,Traced,Prelim Roughly traced
122249,dopamine,0.7469179034233093,acetylcholine,Traced,Prelim Roughly traced
122354,dopamine,0.6742590665817261,acetylcholine,Traced,Prelim Roughly traced
122573,dopamine,0.6724159121513367,acetylcholine,Traced,Prelim Roughly traced
122631,dopamine,0.7914361953735352,acetylcholine,Traced,Prelim Roughly traced
122666,glutamate,0.6560192704200745,glutamate,Traced,Prelim Roughly traced
123035,dopamine,0.8450421690940857,acetylcholine,Traced,Prelim Roughly traced
123169,dopamine,0.7258093357086182,acetylcholine,Traced,Prelim Roughly traced
123199,glutamate,0.6453098654747009,glutamate,Traced,Prelim Roughly traced
123322,gaba,0.8384680151939392,gaba,Traced,Prelim Roughly traced
123401,dopamine,0.7173840999603271,acetylcholine,Traced,Prelim Roughly traced
123421,dopamine,0.7501241564750671,acetylcholine,Traced,Prelim Roughly traced
123503,acetylcholine,0.937723696231842,acetylcholine,Traced,Roughly traced
123544,dopamine,0.8215007781982422,acetylcholine,Traced,Prelim Roughly traced
123570,acetylcholine,0.8433608412742615,acetylcholine,Traced,Roughly traced
123605,dopamine,0.6616300344467163,acetylcholine,Traced,Roughly traced
123618,acetylcholine,0.9305344223976135,acetylcholine,Traced,Prelim Roughly traced
123648,dopamine,0.7111608982086182,acetylcholine,Traced,Prelim Roughly traced
123749,dopamine,0.7828401923179626,acetylcholine,Traced,Prelim Roughly traced
123897,glutamate,0.7582356929779053,glutamate,Traced,Roughly traced
124207,glutamate,0.7996681928634644,glutamate,Traced,Roughly traced
124211,dopamine,0.7517358660697937,acetylcholine,Traced,Prelim Roughly traced
124376,dopamine,0.6881454586982727,acetylcholine,Traced,Roughly traced
124495,acetylcholine,0.9143884181976318,acetylcholine,Traced,Roughly traced
124605,dopamine,0.7295801043510437,acetylcholine,Traced,Prelim Roughly traced
124685,dopamine,0.7892444133758545,acetylcholine,Traced,Prelim Roughly traced
124918,dopamine,0.8981289267539978,dopamine,Traced,Roughly traced
124937,dopamine,0.687099814414978,acetylcholine,Traced,Roughly traced
125080,dopamine,0.9086742401123047,dopamine,Traced,Roughly traced
125081,dopamine,0.7637983560562134,acetylcholine,Traced,Prelim Roughly traced
125114,glutamate,0.6641362905502319,glutamate,Traced,Prelim Roughly traced
125249,acetylcholine,0.9469397664070129,acetylcholine,Traced,Roughly traced
125255,acetylcholine,0.904934287071228,acetylcholine,Traced,Roughly traced
125479,glutamate,0.7945993542671204,glutamate,Traced,Roughly traced
125550,acetylcholine,0.956754207611084,acetylcholine,Traced,Prelim Roughly traced
125868,acetylcholine,0.7367035746574402,acetylcholine,Traced,Prelim Roughly traced
125908,dopamine,0.6950127482414246,acetylcholine,Traced,Roughly traced
125945,glutamate,0.8291478157043457,glutamate,Traced,Prelim Roughly traced
126084,dopamine,0.7522995471954346,acetylcholine,Traced,Prelim Roughly traced
126424,acetylcholine,0.6282965540885925,acetylcholine,Traced,Prelim Roughly traced
126446,dopamine,0.677522599697113,acetylcholine,Traced,Prelim Roughly traced
126501,dopamine,0.9079687595367432,dopamine,Traced,Roughly traced
126602,dopamine,0.6819325089454651,acetylcholine,Traced,Prelim Roughly traced
126673,dopamine,0.7318229675292969,acetylcholine,Traced,Roughly traced
126945,dopamine,0.7392436861991882,acetylcholine,Traced,Prelim Roughly traced
127019,gaba,0.7991024255752563,gaba,Traced,Prelim Roughly traced
127060,acetylcholine,0.9193987250328064,acetylcholine,Traced,Prelim Roughly traced
127366,dopamine,0.7307530045509338,acetylcholine,Traced,Roughly traced
127432,unclear,0.4470711350440979,unclear,Traced,Roughly traced
127519,acetylcholine,0.9596125483512878,acetylcholine,Traced,Prelim Roughly traced
127659,dopamine,0.8731209635734558,dopamine,Traced,Roughly traced
127739,dopamine,0.6613549590110779,acetylcholine,Traced,Roughly traced
128076,dopamine,0.8897786736488342,dopamine,Traced,Roughly traced
128085,dopamine,0.6872512102127075,acetylcholine,Traced,Roughly traced
128858,dopamine,0.683468759059906,acetylcholine,Traced,Roughly traced
128925,dopamine,0.8199369311332703,acetylcholine,Traced,Roughly traced
129027,dopamine,0.8277900815010071,acetylcholine,Traced,Prelim Roughly traced
129032,gaba,0.7742593288421631,gaba,Traced,Prelim Roughly traced
129095,acetylcholine,0.841988742351532,acetylcholine,Traced,Roughly traced
129287,dopamine,0.7313618659973145,acetylcholine,Traced,Prelim Roughly traced
129292,dopamine,0.7246658802032471,acetylcholine,Traced,Prelim Roughly traced
129321,dopamine,0.7602943778038025,acetylcholine,Traced,Prelim Roughly traced
129330,dopamine,0.7911006808280945,acetylcholine,Traced,Prelim Roughly traced
129563,dopamine,0.8501260876655579,dopamine,Traced,Prelim Roughly traced
129596,acetylcholine,0.9310912489891052,acetylcholine,Traced,Roughly traced
129892,dopamine,0.7211703062057495,acetylcholine,Traced,Prelim Roughly traced
130202,gaba,0.7106075286865234,gaba,Traced,Prelim Roughly traced
130392,dopamine,0.7649428248405457,acetylcholine,Traced,Prelim Roughly traced
130522,acetylcholine,0.9470243453979492,acetylcholine,Traced,Roughly traced
130595,acetylcholine,0.8363476991653442,acetylcholine,Traced,Prelim Roughly traced
130796,dopamine,0.7256659865379333,acetylcholine,Traced,Prelim Roughly traced
130806,dopamine,0.7398483753204346,acetylcholine,Traced,Prelim Roughly traced
130875,dopamine,0.6995644569396973,acetylcholine,Traced,Roughly traced
131008,dopamine,0.690005898475647,acetylcholine,Traced,Prelim Roughly traced
131101,dopamine,0.7236573100090027,acetylcholine,Traced,Prelim Roughly traced
131419,dopamine,0.9128615856170654,dopamine,Traced,Roughly traced
131461,dopamine,0.6630076169967651,acetylcholine,Traced,Prelim Roughly traced
131662,dopamine,0.6917403936386108,acetylcholine,Traced,Roughly traced
131910,glutamate,0.8175460696220398,glutamate,Traced,Prelim Roughly traced
131946,dopamine,0.6961358189582825,acetylcholine,Traced,Prelim Roughly traced
131964,dopamine,0.7824743986129761,acetylcholine,Traced,Prelim Roughly traced
132048,dopamine,0.6745854020118713,acetylcholine,Traced,Prelim Roughly traced
132230,dopamine,0.778994083404541,acetylcholine,Traced,Prelim Roughly traced
132279,acetylcholine,0.8314158916473389,acetylcholine,Traced,Roughly traced
132513,dopamine,0.8974500298500061,dopamine,Traced,Roughly traced
132649,dopamine,0.6364954113960266,acetylcholine,Traced,Roughly traced
132786,acetylcholine,0.9078052043914795,acetylcholine,Traced,Roughly traced
132791,dopamine,0.770003616809845,acetylcholine,Traced,Prelim Roughly traced
132804,dopamine,0.6709675192832947,acetylcholine,Traced,Roughly traced
132887,dopamine,0.7652180790901184,acetylcholine,Traced,Prelim Roughly traced
133019,dopamine,0.9008748531341553,dopamine,Traced,Prelim Roughly traced
133100,dopamine,0.7088056802749634,acetylcholine,Traced,Prelim Roughly traced
133192,acetylcholine,0.9117367267608643,acetylcholine,Traced,Roughly traced
133214,dopamine,0.7177873849868774,acetylcholine,Traced,Roughly traced
133250,dopamine,0.7193169593811035,acetylcholine,Traced,Prelim Roughly traced
133334,dopamine,0.7034482955932617,acetylcholine,Traced,Roughly traced
133338,acetylcholine,0.7747076749801636,acetylcholine,Traced,Roughly traced
133427,gaba,0.7738093137741089,gaba,Traced,Prelim Roughly traced
133510,gaba,0.7828956842422485,gaba,Traced,Prelim Roughly traced
133642,dopamine,0.7557456493377686,acetylcholine,Traced,Prelim Roughly traced
133727,dopamine,0.7274457812309265,acetylcholine,Traced,Prelim Roughly traced
133821,acetylcholine,0.9369032382965088,acetylcholine,Traced,Prelim Roughly traced
133827,acetylcholine,0.775702953338623,acetylcholine,Traced,Prelim Roughly traced
133977,acetylcholine,0.9132227897644043,acetylcholine,Traced,Roughly traced
134216,dopamine,0.7014696598052979,acetylcholine,Traced,Prelim Roughly traced
134265,dopamine,0.9077236652374268,dopamine,Traced,Roughly traced
134267,glutamate,0.7867984771728516,glutamate,Traced,Prelim Roughly traced
134304,acetylcholine,0.8384648561477661,acetylcholine,Traced,Roughly traced
134357,dopamine,0.7123023271560669,acetylcholine,Traced,Prelim Roughly traced
134371,acetylcholine,0.870637834072113,acetylcholine,Traced,Prelim Roughly traced
134660,dopamine,0.7734302282333374,acetylcholine,Traced,Prelim Roughly traced
134769,dopamine,0.9073971509933472,dopamine,Traced,Roughly traced
134859,dopamine,0.7122188806533813,acetylcholine,Traced,Roughly traced
134869,dopamine,0.9017523527145386,dopamine,Traced,Roughly traced
134883,dopamine,0.7255541086196899,acetylcholine,Traced,Prelim Roughly traced
134891,dopamine,0.7288617491722107,acetylcholine,Traced,Roughly traced
135046,dopamine,0.9002254009246826,dopamine,Traced,Prelim Roughly traced
135092,dopamine,0.6659460067749023,acetylcholine,Traced,Roughly traced
135171,dopamine,0.9133157134056091,dopamine,Traced,Roughly traced
135247,dopamine,0.7486721873283386,acetylcholine,Traced,Roughly traced
135265,dopamine,0.7655651569366455,acetylcholine,Traced,Roughly traced
135287,dopamine,0.8945414423942566,dopamine,Traced,Roughly traced
135290,dopamine,0.9134063124656677,dopamine,Traced,Roughly traced
135362,dopamine,0.7407954931259155,acetylcholine,Traced,Prelim Roughly traced
135421,dopamine,0.8000045418739319,acetylcholine,Traced,Roughly traced
135614,dopamine,0.7655115127563477,acetylcholine,Traced,Roughly traced
135866,dopamine,0.7370875477790833,acetylcholine,Traced,Roughly traced
135993,dopamine,0.7516390681266785,acetylcholine,Traced,Roughly traced
136024,dopamine,0.876274585723877,dopamine,Traced,Roughly traced
136044,dopamine,0.7468865513801575,acetylcholine,Traced,Roughly traced
136144,dopamine,0.9171475768089294,dopamine,Traced,Prelim Roughly traced
136208,dopamine,0.8120104074478149,acetylcholine,Traced,Prelim Roughly traced
136215,dopamine,0.9117911458015442,dopamine,Traced,Roughly traced
136310,dopamine,0.749049723148346,acetylcholine,Traced,Prelim Roughly traced
136416,gaba,0.6830899715423584,gaba,Traced,Prelim Roughly traced
136452,acetylcholine,0.9006168246269226,acetylcholine,Traced,Roughly traced
136475,gaba,0.8276947140693665,gaba,Traced,Prelim Roughly traced
136667,glutamate,0.8104742765426636,glutamate,Traced,Roughly traced
136825,dopamine,0.7393155097961426,acetylcholine,Traced,Roughly traced
136873,dopamine,0.678364634513855,acetylcholine,Traced,Roughly traced
136957,acetylcholine,0.9266912937164307,acetylcholine,Traced,Prelim Roughly traced
137029,dopamine,0.6678870320320129,acetylcholine,Traced,Prelim Roughly traced
137235,dopamine,0.7648395299911499,acetylcholine,Traced,Prelim Roughly traced
137321,dopamine,0.8849120736122131,dopamine,Traced,Roughly traced
137334,glutamate,0.7854394316673279,glutamate,Traced,Roughly traced
137373,dopamine,0.9140844345092773,dopamine,Traced,Roughly traced
137400,acetylcholine,0.8448165655136108,acetylcholine,Traced,Prelim Roughly traced
137495,glutamate,0.8309240341186523,glutamate,Traced,Prelim Roughly traced
137539,dopamine,0.8199587464332581,dopamine,Traced,Roughly traced
137541,dopamine,0.713086724281311,acetylcholine,Traced,Roughly traced
137543,acetylcholine,0.9272791147232056,acetylcholine,Traced,Prelim Roughly traced
137595,dopamine,0.9185307025909424,dopamine,Traced,Roughly traced
137936,glutamate,0.6015478372573853,glutamate,Traced,Prelim Roughly traced
138025,acetylcholine,0.9293677806854248,acetylcholine,Traced,Roughly traced
138056,glutamate,0.7803232669830322,glutamate,Traced,Roughly traced
138146,glutamate,0.8413723707199097,glutamate,Traced,Prelim Roughly traced
138352,dopamine,0.7699848413467407,acetylcholine,Traced,Prelim Roughly traced
138408,dopamine,0.7372595071792603,acetylcholine,Traced,Prelim Roughly traced
138573,dopamine,0.7216998338699341,acetylcholine,Traced,Prelim Roughly traced
138585,dopamine,0.9012596607208252,dopamine,Traced,Roughly traced
138610,acetylcholine,0.9225346446037292,acetylcholine,Traced,Prelim Roughly traced
138822,dopamine,0.8629769682884216,dopamine,Traced,Roughly traced
138823,glutamate,0.7076897025108337,glutamate,Traced,Prelim Roughly traced
138826,dopamine,0.7843179702758789,acetylcholine,Traced,Prelim Roughly traced
138929,dopamine,0.6702445149421692,acetylcholine,Traced,Prelim Roughly traced
139008,dopamine,0.7221168875694275,acetylcholine,Traced,Prelim Roughly traced
139252,dopamine,0.8019095063209534,acetylcholine,Traced,Prelim Roughly traced
139280,dopamine,0.9219732880592346,dopamine,Traced,Prelim Roughly traced
139378,dopamine,0.8792999982833862,dopamine,Traced,Roughly traced
139389,dopamine,0.7510205507278442,acetylcholine,Traced,Roughly traced
139645,gaba,0.672586977481842,gaba,Traced,Prelim Roughly traced
139706,dopamine,0.8063902854919434,dopamine,Traced,Roughly traced
139742,dopamine,0.7432559728622437,acetylcholine,Traced,Prelim Roughly traced
139771,acetylcholine,0.8652551770210266,acetylcholine,Traced,Roughly traced
139788,gaba,0.7998190522193909,gaba,Traced,Roughly traced
139961,acetylcholine,0.937324583530426,acetylcholine,Traced,Roughly traced
140099,gaba,0.6645738482475281,gaba,Traced,Prelim Roughly traced
140271,dopamine,0.9151948094367981,dopamine,Traced,Roughly traced
140589,dopamine,0.73458331823349,acetylcholine,Traced,Prelim Roughly traced
140636,dopamine,0.7362671494483948,acetylcholine,Traced,Prelim Roughly traced
140656,glutamate,0.8352047801017761,glutamate,Traced,Roughly traced
140834,dopamine,0.6229455471038818,acetylcholine,Traced,Prelim Roughly traced
141016,acetylcholine,0.8723316192626953,acetylcholine,Traced,Roughly traced
141246,dopamine,0.9074116945266724,dopamine,Traced,Roughly traced
141289,dopamine,0.773958146572113,acetylcholine,Traced,Prelim Roughly traced
141510,dopamine,0.9140845537185669,dopamine,Traced,Roughly traced
141615,dopamine,0.9162952899932861,dopamine,Traced,Roughly traced
141950,dopamine,0.7773507833480835,acetylcholine,Traced,Prelim Roughly traced
142238,dopamine,0.9073997735977173,dopamine,Traced,Prelim Roughly traced
142528,dopamine,0.9004251956939697,dopamine,Traced,Roughly traced
142538,dopamine,0.9173207879066467,dopamine,Traced,Prelim Roughly traced
142608,dopamine,0.6776259541511536,acetylcholine,Traced,Prelim Roughly traced
142660,dopamine,0.8771564364433289,dopamine,Traced,Roughly traced
142795,dopamine,0.7195569276809692,acetylcholine,Traced,Prelim Roughly traced
142848,dopamine,0.7280303835868835,acetylcholine,Traced,Roughly traced
142898,dopamine,0.9076792001724243,dopamine,Traced,Roughly traced
142975,dopamine,0.70588219165802,acetylcholine,Traced,Prelim Roughly traced
143120,dopamine,0.8994580507278442,dopamine,Traced,Roughly traced
143569,dopamine,0.7366171479225159,acetylcholine,Traced,Prelim Roughly traced
144034,glutamate,0.7993781566619873,glutamate,Traced,Roughly traced
144118,dopamine,0.7047799825668335,acetylcholine,Traced,Roughly traced
144126,dopamine,0.9105651378631592,dopamine,Traced,Prelim Roughly traced
144206,acetylcholine,0.9683821797370911,acetylcholine,Traced,Prelim Roughly traced
144308,dopamine,0.8298386931419373,acetylcholine,Traced,Roughly traced
144340,dopamine,0.7132183313369751,acetylcholine,Traced,Prelim Roughly traced
144464,dopamine,0.7473703622817993,acetylcholine,Traced,Prelim Roughly traced
144515,dopamine,0.8107078671455383,acetylcholine,Traced,Prelim Roughly traced
144523,dopamine,0.7051475048065186,acetylcholine,Traced,Roughly traced
144678,dopamine,0.8288318514823914,dopamine,Traced,Roughly traced
144984,gaba,0.6571597456932068,gaba,Traced,Prelim Roughly traced
145022,dopamine,0.8632112741470337,dopamine,Traced,Roughly traced
145109,acetylcholine,0.9428573846817017,acetylcholine,Traced,Prelim Roughly traced
145148,dopamine,0.916253924369812,dopamine,Traced,Roughly traced
145157,dopamine,0.7036153674125671,acetylcholine,Traced,Prelim Roughly traced
145174,dopamine,0.6434386372566223,acetylcholine,Traced,Prelim Roughly traced
145324,dopamine,0.889951229095459,dopamine,Traced,Roughly traced
145352,dopamine,0.7385476231575012,acetylcholine,Traced,Prelim Roughly traced
145371,dopamine,0.9219732880592346,dopamine,Traced,Roughly traced
145419,dopamine,0.8030549883842468,acetylcholine,Traced,Prelim Roughly traced
145497,dopamine,0.7237817645072937,acetylcholine,Traced,Prelim Roughly traced
145749,dopamine,0.884099006652832,dopamine,Traced,Roughly traced
145791,dopamine,0.7575535774230957,acetylcholine,Traced,Prelim Roughly traced
145859,dopamine,0.7541358470916748,acetylcholine,Traced,Roughly traced
145898,acetylcholine,0.9406272768974304,acetylcholine,Traced,Roughly traced
146058,dopamine,0.9138392210006714,dopamine,Traced,Prelim Roughly traced
146099,dopamine,0.7165889143943787,acetylcholine,Traced,Roughly traced
146122,dopamine,0.8207005858421326,acetylcholine,Traced,Prelim Roughly traced
146190,acetylcholine,0.6197581887245178,acetylcholine,Traced,Roughly traced
146275,dopamine,0.7131953239440918,acetylcholine,Traced,Prelim Roughly traced
146387,dopamine,0.7408269047737122,acetylcholine,Traced,Prelim Roughly traced
146418,dopamine,0.9069673418998718,dopamine,Traced,Roughly traced
146603,dopamine,0.9130187034606934,dopamine,Traced,Roughly traced
146773,dopamine,0.8679973483085632,dopamine,Traced,Roughly traced
146774,dopamine,0.8737872242927551,dopamine,Traced,Roughly traced
146943,dopamine,0.6551050543785095,acetylcholine,Traced,Prelim Roughly traced
147352,acetylcholine,0.9445022940635681,acetylcholine,Traced,Prelim Roughly traced
147591,dopamine,0.9157106876373291,dopamine,Traced,Roughly traced
147857,dopamine,0.8328052163124084,dopamine,Traced,Roughly traced
147912,acetylcholine,0.8030100464820862,acetylcholine,Traced,Prelim Roughly traced
148001,dopamine,0.7441938519477844,acetylcholine,Traced,Prelim Roughly traced
148213,dopamine,0.7898527383804321,acetylcholine,Traced,Prelim Roughly traced
148230,gaba,0.7937183380126953,gaba,Traced,Roughly traced
148328,dopamine,0.9219732880592346,dopamine,Traced,Prelim Roughly traced
148337,dopamine,0.7596340179443359,acetylcholine,Traced,Prelim Roughly traced
148469,dopamine,0.8763990998268127,dopamine,Traced,Roughly traced
148652,acetylcholine,0.9726426005363464,acetylcholine,Traced,Prelim Roughly traced
148868,glutamate,0.8560101985931396,glutamate,Traced,Prelim Roughly traced
148909,acetylcholine,0.9507285952568054,acetylcholine,Traced,Roughly traced
149160,acetylcholine,0.773881196975708,acetylcholine,Traced,Roughly traced
149279,dopamine,0.665246844291687,acetylcholine,Traced,Roughly traced
149390,acetylcholine,0.9628990292549133,acetylcholine,Traced,Roughly traced
149497,acetylcholine,0.838213324546814,acetylcholine,Traced,Prelim Roughly traced
149636,dopamine,0.8010501861572266,acetylcholine,Traced,Prelim Roughly traced
149792,dopamine,0.7761073708534241,acetylcholine,Traced,Prelim Roughly traced
149869,dopamine,0.8858954906463623,dopamine,Traced,Roughly traced
150034,dopamine,0.8241528868675232,dopamine,Traced,Roughly traced
150109,dopamine,0.6912078857421875,acetylcholine,Traced,Prelim Roughly traced
150177,dopamine,0.9219732880592346,dopamine,Traced,Roughly traced
150472,glutamate,0.8372019529342651,glutamate,Traced,Roughly traced
150738,dopamine,0.7708622813224792,acetylcholine,Traced,Roughly traced
150823,dopamine,0.6615361571311951,acetylcholine,Traced,Roughly traced
150828,dopamine,0.9127299189567566,dopamine,Traced,Roughly traced
150846,gaba,0.8503779768943787,gaba,Traced,Roughly traced
150983,dopamine,0.8767254948616028,dopamine,Traced,Roughly traced
151013,dopamine,0.8856839537620544,dopamine,Traced,Roughly traced
151030,acetylcholine,0.9018426537513733,acetylcholine,Traced,Prelim Roughly traced
151133,dopamine,0.9100065231323242,dopamine,Traced,Roughly traced
151224,dopamine,0.7835603356361389,acetylcholine,Traced,Prelim Roughly traced
151370,acetylcholine,0.9388012886047363,acetylcholine,Traced,Prelim Roughly traced
151584,dopamine,0.7177193760871887,acetylcholine,Traced,Roughly traced
151958,dopamine,0.7870094776153564,acetylcholine,Traced,Prelim Roughly traced
151993,dopamine,0.8997986912727356,dopamine,Traced,Roughly traced
152019,dopamine,0.9120151996612549,dopamine,Traced,Prelim Roughly traced
152031,dopamine,0.7098971009254456,acetylcholine,Traced,Roughly traced
152044,dopamine,0.8929338455200195,dopamine,Traced,Prelim Roughly traced
152056,dopamine,0.9181879162788391,dopamine,Traced,Roughly traced
152291,dopamine,0.8983477354049683,dopamine,Traced,Roughly traced
152323,acetylcholine,0.9498769044876099,acetylcholine,Traced,Prelim Roughly traced
152326,dopamine,0.8722731471061707,dopamine,Traced,Roughly traced
152385,dopamine,0.9072926044464111,dopamine,Traced,Prelim Roughly traced
152428,dopamine,0.9049041867256165,dopamine,Traced,Roughly traced
152476,gaba,0.703627347946167,gaba,Traced,Prelim Roughly traced
152601,dopamine,0.751428484916687,acetylcholine,Traced,Prelim Roughly traced
152860,dopamine,0.6956924796104431,acetylcholine,Traced,Roughly traced
152873,acetylcholine,0.9215197563171387,acetylcholine,Traced,Roughly traced
152889,dopamine,0.7777788639068604,acetylcholine,Traced,Prelim Roughly traced
152997,dopamine,0.8947139382362366,dopamine,Traced,Roughly traced
153035,dopamine,0.9132291674613953,dopamine,Traced,Roughly traced
153080,dopamine,0.750025749206543,acetylcholine,Traced,Roughly traced
153165,dopamine,0.6849022507667542,acetylcholine,Traced,Roughly traced
153201,gaba,0.7830316424369812,gaba,Traced,Roughly traced
153373,acetylcholine,0.806876540184021,acetylcholine,Traced,Roughly traced
153573,dopamine,0.7511950135231018,acetylcholine,Traced,Prelim Roughly traced
153593,dopamine,0.7208680510520935,acetylcholine,Traced,Prelim Roughly traced
153672,dopamine,0.7230459451675415,acetylcholine,Traced,Roughly traced
153695,dopamine,0.7496941089630127,acetylcholine,Traced,Prelim Roughly traced
153858,acetylcholine,0.9078283905982971,acetylcholine,Traced,Prelim Roughly traced
154230,dopamine,0.8927508592605591,dopamine,Traced,Roughly traced
154387,dopamine,0.8946479558944702,dopamine,Traced,Prelim Roughly traced
154433,dopamine,0.7757880687713623,acetylcholine,Traced,Roughly traced
154672,acetylcholine,0.9126834869384766,acetylcholine,Traced,Roughly traced
154837,dopamine,0.7819563150405884,acetylcholine,Traced,Prelim Roughly traced
154896,glutamate,0.7835126519203186,glutamate,Traced,Roughly traced
155118,dopamine,0.7444294095039368,acetylcholine,Traced,Prelim Roughly traced
155154,acetylcholine,0.862210750579834,acetylcholine,Traced,Prelim Roughly traced
155194,acetylcholine,0.772236168384552,acetylcholine,Traced,Roughly traced
155329,dopamine,0.9008435606956482,dopamine,Traced,Roughly traced
155692,dopamine,0.7773153781890869,acetylcholine,Traced,Prelim Roughly traced
155708,dopamine,0.7106525301933289,acetylcholine,Traced,Prelim Roughly traced
155793,dopamine,0.7311928868293762,acetylcholine,Traced,Roughly traced
155798,gaba,0.8601363897323608,gaba,Traced,Prelim Roughly traced
155916,dopamine,0.9219732880592346,dopamine,Traced,Roughly traced
156028,dopamine,0.8995883464813232,dopamine,Traced,Roughly traced
156046,dopamine,0.9219732880592346,dopamine,Traced,Roughly traced
156345,dopamine,0.741661548614502,acetylcholine,Traced,Prelim Roughly traced
156513,acetylcholine,0.9276617169380188,acetylcholine,Traced,Roughly traced
156598,dopamine,0.7393606901168823,acetylcholine,Traced,Roughly traced
156633,acetylcholine,0.9279782176017761,acetylcholine,Traced,Prelim Roughly traced
157016,dopamine,0.7631476521492004,dopamine,Traced,Roughly traced
157037,dopamine,0.7433631420135498,acetylcholine,Traced,Roughly traced
157134,dopamine,0.9164748787879944,dopamine,Traced,Prelim Roughly traced
157166,dopamine,0.8172089457511902,acetylcholine,Traced,Roughly traced
157274,acetylcholine,0.8908901810646057,acetylcholine,Traced,Roughly traced
157281,dopamine,0.7467712759971619,acetylcholine,Traced,Roughly traced
157370,dopamine,0.8927308917045593,dopamine,Traced,Roughly traced
157588,dopamine,0.8211801648139954,acetylcholine,Traced,Roughly traced
157610,dopamine,0.6619319915771484,acetylcholine,Traced,Roughly traced
157683,dopamine,0.9219732880592346,dopamine,Traced,Roughly traced
157751,dopamine,0.7780025005340576,acetylcholine,Traced,Roughly traced
157767,dopamine,0.9147467613220215,dopamine,Traced,Roughly traced
157794,acetylcholine,0.9296309351921082,acetylcholine,Traced,Prelim Roughly traced
157816,dopamine,0.8191014528274536,dopamine,Traced,Roughly traced
157821,glutamate,0.7635133266448975,glutamate,Traced,Roughly traced
157838,acetylcholine,0.6942436695098877,acetylcholine,Traced,Roughly traced
157864,dopamine,0.7568684220314026,acetylcholine,Traced,Prelim Roughly traced
157932,acetylcholine,0.8881914019584656,acetylcholine,Traced,Roughly traced
158196,dopamine,0.8644462823867798,dopamine,Traced,Roughly traced
158246,dopamine,0.7357994914054871,acetylcholine,Traced,Roughly traced
158252,acetylcholine,0.7266969084739685,acetylcholine,Traced,Roughly traced
158276,dopamine,0.6882492899894714,acetylcholine,Traced,Prelim Roughly traced
158344,dopamine,0.792436957359314,acetylcholine,Traced,Roughly traced
158372,dopamine,0.9142196774482727,dopamine,Traced,Prelim Roughly traced
158651,dopamine,0.906897246837616,dopamine,Traced,Roughly traced
158857,dopamine,0.7889760732650757,acetylcholine,Traced,Prelim Roughly traced
158869,dopamine,0.6978977918624878,acetylcholine,Traced,Roughly traced
159062,dopamine,0.9157902002334595,dopamine,Traced,Roughly traced
159158,dopamine,0.9219732880592346,dopamine,Traced,Roughly traced
159177,glutamate,0.7861080765724182,glutamate,Traced,Roughly traced
159201,acetylcholine,0.5186653733253479,acetylcholine,Traced,Roughly traced
159692,dopamine,0.7504854202270508,acetylcholine,Traced,Prelim Roughly traced
159831,dopamine,0.8985041975975037,dopamine,Traced,Roughly traced
160277,dopamine,0.9108097553253174,dopamine,Traced,Roughly traced
160320,glutamate,0.8364560604095459,glutamate,Traced,Roughly traced
160369,acetylcholine,0.961192786693573,acetylcholine,Traced,Prelim Roughly traced
160394,acetylcholine,0.9393771886825562,acetylcholine,Traced,Prelim Roughly traced
160878,dopamine,0.7821149826049805,acetylcholine,Traced,Prelim Roughly traced
160885,dopamine,0.764218270778656,acetylcholine,Traced,Prelim Roughly traced
160889,dopamine,0.7156286835670471,acetylcholine,Traced,Prelim Roughly traced
160923,acetylcholine,0.8555995225906372,acetylcholine,Traced,Prelim Roughly traced
161026,dopamine,0.707048237323761,acetylcholine,Traced,Prelim Roughly traced
161079,dopamine,0.9219732880592346,dopamine,Traced,Prelim Roughly traced
161302,dopamine,0.7086756825447083,acetylcholine,Traced,Roughly traced
161432,dopamine,0.7677815556526184,acetylcholine,Traced,Prelim Roughly traced
161517,dopamine,0.741582989692688,acetylcholine,Traced,Prelim Roughly traced
161529,dopamine,0.7428140640258789,acetylcholine,Traced,Prelim Roughly traced
161552,dopamine,0.7317618131637573,acetylcholine,Traced,Prelim Roughly traced
161596,dopamine,0.8885362148284912,dopamine,Traced,Roughly traced
161648,dopamine,0.6902236938476562,acetylcholine,Traced,Prelim Roughly traced
161786,dopamine,0.7391160726547241,acetylcholine,Traced,Prelim Roughly traced
162116,dopamine,0.8940943479537964,dopamine,Traced,Roughly traced
162211,glutamate,0.7843906879425049,glutamate,Traced,Roughly traced
162232,acetylcholine,0.9448971152305603,acetylcholine,Traced,Roughly traced
162392,dopamine,0.8102787733078003,acetylcholine,Traced,Prelim Roughly traced
162631,dopamine,0.8802160024642944,dopamine,Traced,Roughly traced
162674,dopamine,0.7066588401794434,acetylcholine,Traced,Prelim Roughly traced
163102,dopamine,0.7199339866638184,acetylcholine,Traced,Roughly traced
163194,dopamine,0.9219732880592346,dopamine,Traced,Roughly traced
163883,unclear,0.9219732880592346,dopamine,Traced,Roughly traced
163951,dopamine,0.9219732880592346,dopamine,Traced,Roughly traced
163971,dopamine,0.7300166487693787,acetylcholine,Traced,Prelim Roughly traced
164086,dopamine,0.9163938760757446,dopamine,Traced,Roughly traced
164103,dopamine,0.7633883357048035,acetylcholine,Traced,Prelim Roughly traced
164216,dopamine,0.7393942475318909,acetylcholine,Traced,Prelim Roughly traced
164279,dopamine,0.8925527334213257,dopamine,Traced,Roughly traced
164424,acetylcholine,0.9210669994354248,acetylcholine,Traced,Roughly traced
164534,dopamine,0.7905533909797668,acetylcholine,Traced,Prelim Roughly traced
164601,dopamine,0.9219732880592346,dopamine,Traced,Roughly traced
165180,dopamine,0.7791464328765869,acetylcholine,Traced,Prelim Roughly traced
165187,dopamine,0.8883887529373169,dopamine,Traced,Roughly traced
165240,dopamine,0.7420057058334351,acetylcholine,Traced,Prelim Roughly traced
165307,dopamine,0.7595813870429993,acetylcholine,Traced,Prelim Roughly traced
165365,dopamine,0.9050973057746887,dopamine,Traced,Roughly traced
166005,dopamine,0.7640708684921265,acetylcholine,Traced,Prelim Roughly traced
166057,dopamine,0.7627710103988647,acetylcholine,Traced,Prelim Roughly traced
166063,glutamate,0.8499331474304199,glutamate,Traced,Roughly traced
166581,dopamine,0.7714229822158813,acetylcholine,Traced,Prelim Roughly traced
166914,dopamine,0.6977811455726624,acetylcholine,Traced,Prelim Roughly traced
167009,dopamine,0.9219732880592346,dopamine,Traced,Roughly traced
167073,dopamine,0.8850263357162476,dopamine,Traced,Roughly traced
167116,acetylcholine,0.9171342849731445,acetylcholine,Traced,Prelim Roughly traced
167194,glutamate,0.8468342423439026,glutamate,Traced,Roughly traced
167563,gaba,0.8292708396911621,gaba,Traced,Prelim Roughly traced
167578,glutamate,0.8193002343177795,glutamate,Traced,Roughly traced
167674,glutamate,0.7168819308280945,glutamate,Traced,Prelim Roughly traced
167708,dopamine,0.814439594745636,acetylcholine,Traced,Prelim Roughly traced
167780,dopamine,0.7126898169517517,acetylcholine,Traced,Prelim Roughly traced
167793,dopamine,0.709104061126709,acetylcholine,Traced,Prelim Roughly traced
168020,unclear,0.8580197691917419,dopamine,Traced,Roughly traced
168080,unclear,0.8137367963790894,dopamine,Traced,Roughly traced
168306,dopamine,0.7687300443649292,acetylcholine,Traced,Prelim Roughly traced
168405,dopamine,0.7629410028457642,acetylcholine,Traced,Prelim Roughly traced
168433,dopamine,0.7918411493301392,acetylcholine,Traced,Prelim Roughly traced
168836,unclear,0.4768356680870056,acetylcholine,Traced,Roughly traced
169027,dopamine,0.8684730529785156,dopamine,Traced,Roughly traced
169141,dopamine,0.771813690662384,acetylcholine,Traced,Prelim Roughly traced
169674,dopamine,0.8804724216461182,dopamine,Traced,Roughly traced
170040,dopamine,0.794031023979187,acetylcholine,Traced,Prelim Roughly traced
170115,acetylcholine,0.9096799492835999,acetylcholine,Traced,Roughly traced
170254,acetylcholine,0.9288333654403687,acetylcholine,Traced,Prelim Roughly traced
170450,dopamine,0.9130650758743286,dopamine,Traced,Roughly traced
170466,dopamine,0.6647412180900574,acetylcholine,Traced,Prelim Roughly traced
170467,dopamine,0.9042694568634033,dopamine,Traced,Roughly traced
170639,acetylcholine,0.9533357620239258,acetylcholine,Traced,Prelim Roughly traced
170719,dopamine,0.7034997344017029,acetylcholine,Traced,Roughly traced
170870,dopamine,0.7551260590553284,acetylcholine,Traced,Prelim Roughly traced
171048,dopamine,0.6636024713516235,acetylcholine,Traced,Roughly traced
171306,dopamine,0.7685627937316895,acetylcholine,Traced,Prelim Roughly traced
171575,acetylcholine,0.8515300154685974,acetylcholine,Traced,Roughly traced
171959,dopamine,0.881434977054596,dopamine,Traced,Roughly traced
172186,dopamine,0.7071142196655273,acetylcholine,Traced,Prelim Roughly traced
172430,acetylcholine,0.7674015760421753,acetylcholine,Traced,Prelim Roughly traced
172635,dopamine,0.7391645908355713,acetylcholine,Traced,Prelim Roughly traced
173157,dopamine,0.7447298169136047,acetylcholine,Traced,Prelim Roughly traced
173188,dopamine,0.7102717757225037,acetylcholine,Traced,Prelim Roughly traced
173248,acetylcholine,0.9489461779594421,acetylcholine,Traced,Roughly traced
173467,acetylcholine,0.9533255696296692,acetylcholine,Traced,Roughly traced
173573,dopamine,0.798858106136322,acetylcholine,Traced,Prelim Roughly traced
173807,dopamine,0.7551631331443787,acetylcholine,Traced,Prelim Roughly traced
173882,dopamine,0.7217692136764526,acetylcholine,Traced,Roughly traced
174060,dopamine,0.7911673188209534,acetylcholine,Traced,Prelim Roughly traced
174255,dopamine,0.832865297794342,dopamine,Traced,Prelim Roughly traced
174318,acetylcholine,0.951102614402771,acetylcholine,Traced,Prelim Roughly traced
174384,dopamine,0.9085208177566528,dopamine,Traced,Roughly traced
174450,glutamate,0.8353878259658813,glutamate,Traced,Roughly traced
174587,dopamine,0.7972665429115295,acetylcholine,Traced,Prelim Roughly traced
174862,dopamine,0.9067063927650452,dopamine,Traced,Prelim Roughly traced
175232,dopamine,0.8400073051452637,dopamine,Traced,Roughly traced
175459,dopamine,0.8219719529151917,dopamine,Traced,Prelim Roughly traced
175766,dopamine,0.701630711555481,acetylcholine,Traced,Prelim Roughly traced
175964,dopamine,0.9057407975196838,dopamine,Traced,Prelim Roughly traced
175976,dopamine,0.7249820232391357,acetylcholine,Traced,Roughly traced
176320,dopamine,0.7627479434013367,acetylcholine,Traced,Roughly traced
176429,dopamine,0.8827459216117859,dopamine,Traced,Roughly traced
176460,dopamine,0.896453857421875,dopamine,Traced,Prelim Roughly traced
176770,dopamine,0.7221178412437439,acetylcholine,Traced,Prelim Roughly traced
176990,gaba,0.7644622325897217,gaba,Traced,Prelim Roughly traced
177202,unclear,0.8969901204109192,dopamine,Traced,Roughly traced
177383,dopamine,0.7124168276786804,acetylcholine,Traced,Roughly traced
177603,dopamine,0.8863101601600647,dopamine,Traced,Roughly traced
177800,dopamine,0.909300684928894,dopamine,Traced,Roughly traced
178193,acetylcholine,0.9163199663162231,acetylcholine,Traced,Roughly traced
178307,dopamine,0.7566840052604675,acetylcholine,Traced,Roughly traced
178455,acetylcholine,0.8376696705818176,acetylcholine,Traced,Roughly traced
178476,dopamine,0.7535440325737,acetylcholine,Traced,Roughly traced
178487,dopamine,0.7927225232124329,dopamine,Traced,Prelim Roughly traced
178539,dopamine,0.8033661842346191,dopamine,Traced,Roughly traced
178810,dopamine,0.6650150418281555,acetylcholine,Traced,Roughly traced
178945,dopamine,0.9083149433135986,dopamine,Traced,Roughly traced
178990,acetylcholine,0.9078683257102966,acetylcholine,Traced,Prelim Roughly traced
179219,dopamine,0.7220252752304077,acetylcholine,Traced,Roughly traced
179489,dopamine,0.6712884902954102,acetylcholine,Traced,Roughly traced
180332,dopamine,0.7112856507301331,acetylcholine,Traced,Roughly traced
180341,acetylcholine,0.9528759717941284,acetylcholine,Traced,Prelim Roughly traced
180403,dopamine,0.9040996432304382,dopamine,Traced,Roughly traced
180422,dopamine,0.7396746277809143,acetylcholine,Traced,Roughly traced
180588,dopamine,0.7288938760757446,acetylcholine,Traced,Prelim Roughly traced
180728,dopamine,0.7614985704421997,acetylcholine,Traced,Roughly traced
180875,acetylcholine,0.9379611611366272,acetylcholine,Traced,Roughly traced
180905,dopamine,0.7486644983291626,acetylcholine,Traced,Prelim Roughly traced
180920,dopamine,0.7279728651046753,acetylcholine,Traced,Roughly traced
180939,dopamine,0.7885372042655945,acetylcholine,Traced,Roughly traced
181180,dopamine,0.703172504901886,acetylcholine,Traced,Roughly traced
181464,dopamine,0.827393651008606,acetylcholine,Traced,Prelim Roughly traced
181556,gaba,0.812422513961792,gaba,Traced,Prelim Roughly traced
181924,dopamine,0.914563000202179,dopamine,Traced,Roughly traced
181935,gaba,0.8481816649436951,gaba,Traced,Roughly traced
182596,dopamine,0.8083986639976501,acetylcholine,Traced,Roughly traced
182702,dopamine,0.7286494970321655,acetylcholine,Traced,Roughly traced
183205,acetylcholine,0.9519172310829163,acetylcholine,Traced,Prelim Roughly traced
183567,dopamine,0.8772959113121033,dopamine,Traced,Roughly traced
183617,glutamate,0.8441510200500488,glutamate,Traced,Prelim Roughly traced
183756,acetylcholine,0.9119788408279419,acetylcholine,Traced,Prelim Roughly traced
184536,dopamine,0.7089815735816956,acetylcholine,Traced,Roughly traced
184778,dopamine,0.9003790616989136,dopamine,Traced,Prelim Roughly traced
184913,acetylcholine,0.9281358122825623,acetylcholine,Traced,Prelim Roughly traced
186043,dopamine,0.7339423894882202,acetylcholine,Traced,Roughly traced
186211,acetylcholine,0.9230881333351135,acetylcholine,Traced,Roughly traced
186305,dopamine,0.7400933504104614,acetylcholine,Traced,Roughly traced
186566,dopamine,0.8484642505645752,dopamine,Traced,Roughly traced
186613,dopamine,0.7419067025184631,acetylcholine,Traced,Roughly traced
186833,dopamine,0.6889758110046387,acetylcholine,Traced,Roughly traced
186977,dopamine,0.6935162544250488,acetylcholine,Traced,Roughly traced
187266,dopamine,0.7525015473365784,acetylcholine,Traced,Roughly traced
187741,acetylcholine,0.9333497881889343,acetylcholine,Traced,Roughly traced
188253,dopamine,0.7989053726196289,acetylcholine,Traced,Roughly traced
188606,dopamine,0.7255057096481323,acetylcholine,Traced,Roughly traced
189040,glutamate,0.8517729640007019,glutamate,Traced,Roughly traced
189047,dopamine,0.7352004647254944,acetylcholine,Traced,Prelim Roughly traced
189068,dopamine,0.6653054356575012,acetylcholine,Traced,Roughly traced
189744,dopamine,0.7863197922706604,acetylcholine,Traced,Roughly traced
190020,acetylcholine,0.8814198970794678,acetylcholine,Traced,Prelim Roughly traced
190296,dopamine,0.879052460193634,dopamine,Traced,Roughly traced
190297,unclear,0.8710691928863525,dopamine,Traced,Roughly traced
190302,dopamine,0.7249457240104675,acetylcholine,Traced,Roughly traced
190421,acetylcholine,0.823179304599762,acetylcholine,Traced,Prelim Roughly traced
190635,dopamine,0.896316409111023,dopamine,Traced,Roughly traced
191910,gaba,0.7038558721542358,gaba,Traced,Prelim Roughly traced
191928,dopamine,0.7699277400970459,acetylcholine,Traced,Roughly traced
191936,dopamine,0.7629164457321167,acetylcholine,Traced,Roughly traced
192245,dopamine,0.9094915986061096,dopamine,Traced,Roughly traced
192414,acetylcholine,0.882735550403595,acetylcholine,Traced,Prelim Roughly traced
192421,dopamine,0.7139267325401306,acetylcholine,Traced,Roughly traced
192762,dopamine,0.7947049140930176,acetylcholine,Traced,Prelim Roughly traced
194483,dopamine,0.8203133940696716,acetylcholine,Traced,Prelim Roughly traced
194678,dopamine,0.743083655834198,acetylcholine,Traced,Roughly traced
195206,dopamine,0.8282998204231262,acetylcholine,Traced,Prelim Roughly traced
195279,dopamine,0.7657274007797241,acetylcholine,Traced,Prelim Roughly traced
195297,dopamine,0.7125332355499268,acetylcholine,Traced,Roughly traced
196030,dopamine,0.9011268615722656,dopamine,Traced,Roughly traced
196369,dopamine,0.7817496061325073,acetylcholine,Traced,Roughly traced
196622,dopamine,0.8839389681816101,dopamine,Traced,Roughly traced
196985,dopamine,0.86143958568573,dopamine,Traced,Roughly traced
197319,dopamine,0.7221361994743347,acetylcholine,Traced,Roughly traced
197363,dopamine,0.7300034165382385,acetylcholine,Traced,Roughly traced
197920,dopamine,0.9099351167678833,dopamine,Traced,Prelim Roughly traced
198431,dopamine,0.7697736620903015,acetylcholine,Traced,Roughly traced
198507,dopamine,0.8918029069900513,dopamine,Traced,Roughly traced
198758,dopamine,0.9219732880592346,dopamine,Traced,Roughly traced
199980,glutamate,0.8199359774589539,glutamate,Traced,Roughly traced
200284,gaba,0.8381003737449646,gaba,Traced,Roughly traced
200684,dopamine,0.7872387766838074,acetylcholine,Traced,Roughly traced
200908,dopamine,0.7339270114898682,acetylcholine,Traced,Roughly traced
200973,dopamine,0.9175217747688293,dopamine,Traced,Roughly traced
202330,dopamine,0.8745844960212708,dopamine,Traced,Roughly traced
203543,dopamine,0.6425184011459351,acetylcholine,Traced,Prelim Roughly traced
203682,dopamine,0.8383497595787048,dopamine,Traced,Prelim Roughly traced
203885,dopamine,0.899131715297699,dopamine,Traced,Roughly traced
204930,dopamine,0.8777416944503784,dopamine,Traced,Roughly traced
205354,glutamate,0.7842952013015747,glutamate,Traced,Prelim Roughly traced
205884,dopamine,0.9219732880592346,dopamine,Traced,Roughly traced
206644,glutamate,0.7890527248382568,glutamate,Traced,Roughly traced
206851,dopamine,0.9055817723274231,dopamine,Traced,Roughly traced
207122,dopamine,0.8789530396461487,dopamine,Traced,Prelim Roughly traced
207463,dopamine,0.905975341796875,dopamine,Traced,Roughly traced
207740,gaba,0.7088834047317505,gaba,Traced,Prelim Roughly traced
208566,glutamate,0.8233705759048462,glutamate,Traced,Roughly traced
209327,acetylcholine,0.9514143466949463,acetylcholine,Traced,Roughly traced
209656,dopamine,0.8991960883140564,dopamine,Traced,Roughly traced
209949,dopamine,0.7814643979072571,acetylcholine,Traced,Roughly traced
210440,dopamine,0.7541065812110901,acetylcholine,Traced,Prelim Roughly traced
211474,dopamine,0.7070866227149963,acetylcholine,Traced,Prelim Roughly traced
211870,acetylcholine,0.8289990425109863,acetylcholine,Traced,Prelim Roughly traced
212085,dopamine,0.9219732880592346,dopamine,Traced,Roughly traced
212160,dopamine,0.7132487893104553,dopamine,Traced,Prelim Roughly traced
212512,acetylcholine,0.5815970301628113,acetylcholine,Traced,Prelim Roughly traced
212684,dopamine,0.8949211239814758,dopamine,Traced,Roughly traced
212793,acetylcholine,0.8081514239311218,acetylcholine,Traced,Roughly traced
213070,acetylcholine,0.9103748798370361,acetylcholine,Traced,Roughly traced
213743,dopamine,0.8430357575416565,dopamine,Traced,Roughly traced
213934,dopamine,0.6992199420928955,acetylcholine,Traced,Prelim Roughly traced
213996,dopamine,0.7059566974639893,acetylcholine,Traced,Roughly traced
214044,dopamine,0.7563673853874207,acetylcholine,Traced,Prelim Roughly traced
214174,acetylcholine,0.913847029209137,acetylcholine,Traced,Prelim Roughly traced
214184,glutamate,0.8581653237342834,glutamate,Traced,Prelim Roughly traced
215931,dopamine,0.887004017829895,dopamine,Traced,Roughly traced
215940,dopamine,0.874015748500824,dopamine,Traced,Roughly traced
217007,dopamine,0.9050911664962769,dopamine,Traced,Roughly traced
217737,dopamine,0.886996865272522,dopamine,Traced,Roughly traced
218356,dopamine,0.770658016204834,acetylcholine,Traced,Prelim Roughly traced
218518,dopamine,0.860904335975647,dopamine,Traced,Roughly traced
218583,dopamine,0.9070261120796204,dopamine,Traced,Roughly traced
220167,acetylcholine,0.9608801007270813,acetylcholine,Traced,Prelim Roughly traced
221183,acetylcholine,0.9175294041633606,acetylcholine,Traced,Prelim Roughly traced
221876,dopamine,0.7468516826629639,acetylcholine,Traced,Prelim Roughly traced
221939,glutamate,0.7821340560913086,glutamate,Traced,Roughly traced
222130,dopamine,0.7276126742362976,acetylcholine,Traced,Prelim Roughly traced
222790,acetylcholine,0.957023024559021,acetylcholine,Traced,Prelim Roughly traced
223539,glutamate,0.7510079145431519,glutamate,Traced,Prelim Roughly traced
223880,dopamine,0.7124722599983215,acetylcholine,Traced,Prelim Roughly traced
223967,glutamate,0.8246612548828125,glutamate,Traced,Roughly traced
224160,dopamine,0.8972846865653992,dopamine,Traced,Roughly traced
224205,dopamine,0.895995557308197,dopamine,Traced,Roughly traced
224471,glutamate,0.8057644963264465,glutamate,Traced,Roughly traced
224500,dopamine,0.833169162273407,dopamine,Traced,Roughly traced
226379,dopamine,0.7823750972747803,acetylcholine,Traced,Prelim Roughly traced
226452,dopamine,0.8882603645324707,dopamine,Traced,Roughly traced
226708,dopamine,0.8724874258041382,dopamine,Traced,Prelim Roughly traced
227050,glutamate,0.7214097380638123,glutamate,Traced,Prelim Roughly traced
228556,acetylcholine,0.891882598400116,acetylcholine,Traced,Roughly traced
228917,dopamine,0.6331464648246765,acetylcholine,Traced,Roughly traced
229837,acetylcholine,0.9409974813461304,acetylcholine,Traced,Prelim Roughly traced
230802,dopamine,0.8644479513168335,dopamine,Traced,Roughly traced
231285,acetylcholine,0.9362033009529114,acetylcholine,Traced,Roughly traced
231413,dopamine,0.8855351209640503,dopamine,Traced,Roughly traced
233959,glutamate,0.8049753308296204,glutamate,Traced,Roughly traced
235885,glutamate,0.7480841875076294,glutamate,Traced,Roughly traced
236758,glutamate,0.7357165813446045,glutamate,Traced,Prelim Roughly traced
237109,dopamine,0.7898023724555969,acetylcholine,Traced,Prelim Roughly traced
238625,glutamate,0.8415092825889587,glutamate,Orphan,Orphan
238644,dopamine,0.7382749915122986,dopamine,Traced,Roughly traced
239218,acetylcholine,0.903968870639801,acetylcholine,Traced,Roughly traced
239873,dopamine,0.847082257270813,dopamine,Traced,Roughly traced
240986,glutamate,0.8601832985877991,glutamate,Traced,Prelim Roughly traced
241271,unclear,0.795597493648529,unclear,Orphan,Orphan
242401,dopamine,0.7738635540008545,acetylcholine,Traced,Prelim Roughly traced
242429,dopamine,0.909676730632782,dopamine,Traced,Prelim Roughly traced
243477,dopamine,0.8445872068405151,dopamine,Traced,Roughly traced
243735,dopamine,0.7996707558631897,acetylcholine,Traced,Prelim Roughly traced
245271,dopamine,0.794241726398468,acetylcholine,Traced,Prelim Roughly traced
247098,dopamine,0.7021269798278809,acetylcholine,Traced,Roughly traced
247112,glutamate,0.6502321362495422,glutamate,Traced,Roughly traced
248678,dopamine,0.8045262098312378,acetylcholine,Traced,Prelim Roughly traced
248808,acetylcholine,0.9325610399246216,acetylcholine,Traced,Roughly traced
252045,dopamine,0.8835559487342834,dopamine,Traced,Roughly traced
257650,dopamine,0.9024941921234131,dopamine,Traced,Roughly traced
258547,unclear,0.4973905086517334,unclear,Traced,Roughly traced
259089,dopamine,0.8919874429702759,dopamine,Traced,Prelim Roughly traced
259486,dopamine,0.8569894433021545,dopamine,Traced,Roughly traced
259964,acetylcholine,0.8841308355331421,acetylcholine,Traced,Roughly traced
261784,glutamate,0.6945368051528931,glutamate,Traced,Roughly traced
261849,dopamine,0.6499383449554443,acetylcholine,Traced,Prelim Roughly traced
262117,dopamine,0.6731659173965454,acetylcholine,Traced,Prelim Roughly traced
263358,dopamine,0.7346920371055603,acetylcholine,Traced,Prelim Roughly traced
263886,dopamine,0.7314510345458984,acetylcholine,Traced,Prelim Roughly traced
264746,dopamine,0.7805675864219666,acetylcholine,Traced,Prelim Roughly traced
266449,dopamine,0.7734243869781494,acetylcholine,Traced,Prelim Roughly traced
268292,dopamine,0.6705089807510376,acetylcholine,Traced,Prelim Roughly traced
269890,dopamine,0.9219732880592346,dopamine,Orphan,Orphan
272106,dopamine,0.6458406448364258,acetylcholine,Traced,Prelim Roughly traced
273182,dopamine,0.8357347846031189,dopamine,Traced,Roughly traced
277872,unclear,0.8781353235244751,unclear,Orphan,Orphan
286259,octopamine,0.8615313172340393,octopamine,Traced,Roughly traced
286746,acetylcholine,0.9119128584861755,acetylcholine,Traced,Prelim Roughly traced
287798,dopamine,0.7993290424346924,acetylcholine,Traced,Prelim Roughly traced
287884,octopamine,0.76707923412323,octopamine,Traced,Roughly traced
291665,dopamine,0.9025419354438782,dopamine,Traced,Roughly traced
292203,dopamine,0.8998489379882812,dopamine,Traced,Roughly traced
294038,unclear,0.8954759836196899,unclear,Anchor,Anchor
294178,octopamine,0.739493727684021,octopamine,Traced,Roughly traced
294758,dopamine,0.689460813999176,acetylcholine,Traced,Roughly traced
296721,glutamate,0.7366552352905273,glutamate,Traced,Prelim Roughly traced
297139,dopamine,0.8593598008155823,dopamine,Traced,Roughly traced
298089,gaba,0.8314851522445679,gaba,Traced,Prelim Roughly traced
301311,glutamate,0.72486811876297,glutamate,Traced,Prelim Roughly traced
303093,dopamine,0.7495266795158386,acetylcholine,Traced,Prelim Roughly traced
305105,acetylcholine,0.9530397057533264,acetylcholine,Traced,Roughly traced
305793,acetylcholine,0.9008198380470276,acetylcholine,Traced,Prelim Roughly traced
318416,acetylcholine,0.880241870880127,acetylcholine,Traced,Prelim Roughly traced
319321,dopamine,0.8396496772766113,dopamine,Traced,Roughly traced
323767,unclear,0.7549801468849182,unclear,Orphan,Orphan-artifact
325731,dopamine,0.9149340987205505,dopamine,Traced,Roughly traced
326664,acetylcholine,0.9349338412284851,acetylcholine,Traced,Prelim Roughly traced
328274,unclear,0.7910882830619812,unclear,Orphan,Orphan
336850,dopamine,0.9219732880592346,dopamine,Traced,Roughly traced
341512,dopamine,0.9058524370193481,dopamine,Traced,Roughly traced
357239,unclear,0.8801279067993164,unclear,Orphan,Orphan
357459,unclear,0.7604860067367554,unclear,Orphan,Orphan
364703,unclear,0.8075864911079407,unclear,Orphan,Orphan
365046,dopamine,0.7144572138786316,acetylcholine,Traced,Prelim Roughly traced
365644,unclear,0.7139973044395447,unclear,Orphan,Orphan
369729,unclear,0.9219732880592346,unclear,Orphan,Orphan
374700,dopamine,0.7116310000419617,acetylcholine,Traced,Roughly traced
375168,dopamine,0.6714889407157898,acetylcholine,Traced,Prelim Roughly traced
394860,glutamate,0.8232318162918091,glutamate,Traced,Prelim Roughly traced
396316,acetylcholine,0.842363715171814,acetylcholine,Traced,Roughly traced
429575,unclear,0.5609931945800781,unclear,Orphan,Orphan-artifact
435343,acetylcholine,0.9303469061851501,acetylcholine,Traced,Roughly traced
436551,unclear,0.9219732880592346,unclear,Orphan,Orphan
450763,unclear,0.8515813946723938,unclear,Orphan,Orphan
463190,unclear,0.9219732880592346,unclear,Orphan,Orphan
485278,glutamate,0.6832937002182007,glutamate,Traced,Roughly traced
488612,unclear,0.8299134969711304,unclear,Orphan,Orphan
495287,acetylcholine,0.9451549053192139,acetylcholine,Traced,Roughly traced
500003,dopamine,0.7874930500984192,acetylcholine,Traced,Prelim Roughly traced
500140,dopamine,0.7665015459060669,acetylcholine,Traced,Prelim Roughly traced
500143,dopamine,0.7612478733062744,acetylcholine,Traced,Prelim Roughly traced
500161,dopamine,0.7853167653083801,acetylcholine,Traced,Prelim Roughly traced
506608,glutamate,0.7947582006454468,glutamate,Traced,Roughly traced
506819,dopamine,0.9219732880592346,dopamine,Traced,Roughly traced
508595,acetylcholine,0.929259181022644,acetylcholine,Traced,Roughly traced
511776,glutamate,0.5636301636695862,glutamate,Traced,Roughly traced
511778,octopamine,0.7677125930786133,octopamine,Traced,Roughly traced
511844,acetylcholine,0.7710233926773071,acetylcholine,Traced,Roughly traced
511846,serotonin,0.5679769515991211,unclear,Traced,Roughly traced
511935,glutamate,0.8056601285934448,glutamate,Traced,Roughly traced
511982,gaba,0.7806155681610107,gaba,Traced,Roughly traced
511985,glutamate,0.8294312357902527,glutamate,Traced,Roughly traced
512041,glutamate,0.7637098431587219,glutamate,Traced,Prelim Roughly traced
512042,glutamate,0.7531856894493103,glutamate,Traced,Prelim Roughly traced
512156,glutamate,0.7989654541015625,glutamate,Traced,Roughly traced
512186,glutamate,0.7803018689155579,glutamate,Traced,Roughly traced
512315,glutamate,0.7759808301925659,glutamate,Traced,Roughly traced
512326,dopamine,0.8754547238349915,dopamine,Traced,Roughly traced
512392,acetylcholine,0.9522200226783752,acetylcholine,Traced,Prelim Roughly traced
512406,acetylcholine,0.8359484076499939,acetylcholine,Traced,Roughly traced
512420,acetylcholine,0.7582165598869324,acetylcholine,Traced,Roughly traced
512459,glutamate,0.816024124622345,glutamate,Traced,Roughly traced
512460,glutamate,0.8250393867492676,glutamate,Traced,Roughly traced
512498,acetylcholine,0.9595805406570435,glutamate,Traced,Prelim Roughly traced
512514,acetylcholine,0.8880871534347534,acetylcholine,Traced,Roughly traced
512579,glutamate,0.6458181738853455,glutamate,Traced,Roughly traced
512580,acetylcholine,0.9098998308181763,acetylcholine,Traced,Roughly traced
512694,acetylcholine,0.9059058427810669,acetylcholine,Traced,Roughly traced
512734,glutamate,0.7381858229637146,glutamate,Traced,Roughly traced
512745,acetylcholine,0.9556875824928284,acetylcholine,Traced,Roughly traced
512746,acetylcholine,0.8582394123077393,acetylcholine,Traced,Roughly traced
512788,acetylcholine,0.9471814036369324,acetylcholine,Traced,Roughly traced
512841,acetylcholine,0.9314591288566589,acetylcholine,Traced,Roughly traced
512899,acetylcholine,0.912045419216156,acetylcholine,Traced,Roughly traced
512925,gaba,0.641244113445282,gaba,Traced,Roughly traced
512926,gaba,0.7482686042785645,gaba,Traced,Roughly traced
513084,serotonin,0.5298076868057251,unclear,Traced,Prelim Roughly traced
513091,acetylcholine,0.9045419692993164,acetylcholine,Traced,Roughly traced
513102,acetylcholine,0.9450165629386902,acetylcholine,Traced,Prelim Roughly traced
513131,acetylcholine,0.9640820622444153,acetylcholine,Traced,Roughly traced
513174,glutamate,0.7531000375747681,glutamate,Traced,Prelim Roughly traced
513219,glutamate,0.8450666069984436,glutamate,Traced,Prelim Roughly traced
513370,acetylcholine,0.9525519013404846,acetylcholine,Traced,Roughly traced
513376,glutamate,0.6273669600486755,glutamate,Traced,Roughly traced
513379,gaba,0.7541671991348267,gaba,Traced,Prelim Roughly traced
513387,acetylcholine,0.919844925403595,acetylcholine,Traced,Roughly traced
513391,acetylcholine,0.9460937976837158,acetylcholine,Traced,Roughly traced
513409,acetylcholine,0.8778567314147949,acetylcholine,Traced,Roughly traced
513531,acetylcholine,0.6350043416023254,acetylcholine,Traced,Prelim Roughly traced
513601,glutamate,0.6366586685180664,glutamate,Traced,Roughly traced
513602,acetylcholine,0.9575472474098206,acetylcholine,Traced,Roughly traced
513603,acetylcholine,0.9495456218719482,acetylcholine,Traced,Roughly traced
513630,glutamate,0.810206949710846,glutamate,Traced,Roughly traced
513662,glutamate,0.7064948678016663,glutamate,Traced,Roughly traced
513663,glutamate,0.8609517216682434,glutamate,Traced,Roughly traced
513678,gaba,0.8947542905807495,gaba,Traced,Prelim Roughly traced
513691,acetylcholine,0.9732582569122314,acetylcholine,Traced,Roughly traced
513764,acetylcholine,0.9701828956604004,acetylcholine,Traced,Roughly traced
513791,acetylcholine,0.9617577195167542,acetylcholine,Traced,Roughly traced
513927,acetylcholine,0.927879273891449,acetylcholine,Traced,Prelim Roughly traced
514036,acetylcholine,0.7261889576911926,acetylcholine,Traced,Roughly traced
514066,dopamine,0.7313476204872131,acetylcholine,Traced,Roughly traced
514077,acetylcholine,0.9451570510864258,acetylcholine,Traced,Roughly traced
514180,gaba,0.7557859420776367,gaba,Traced,Roughly traced
514249,glutamate,0.7874256372451782,glutamate,Traced,Roughly traced
514266,acetylcholine,0.9022574424743652,acetylcholine,Traced,Prelim Roughly traced
514441,glutamate,0.6468484997749329,gaba,Traced,Prelim Roughly traced
514543,glutamate,0.8016229271888733,glutamate,Traced,Roughly traced
514661,acetylcholine,0.7021979689598083,acetylcholine,Traced,Roughly traced
514666,acetylcholine,0.920682430267334,acetylcholine,Traced,Roughly traced
514677,acetylcholine,0.8798374533653259,acetylcholine,Traced,Roughly traced
514689,glutamate,0.6777633428573608,glutamate,Traced,Roughly traced
514690,glutamate,0.7863126397132874,glutamate,Traced,Roughly traced
514768,acetylcholine,0.9380035996437073,acetylcholine,Traced,Roughly traced
514853,acetylcholine,0.9287786483764648,acetylcholine,Traced,Roughly traced
514925,acetylcholine,0.9493943452835083,acetylcholine,Traced,Roughly traced
514980,acetylcholine,0.9120327234268188,acetylcholine,Traced,Roughly traced
515015,glutamate,0.745482861995697,glutamate,Traced,Prelim Roughly traced
515034,acetylcholine,0.9334092140197754,acetylcholine,Traced,Roughly traced
515048,dopamine,0.7630889415740967,dopamine,Traced,Roughly traced
515221,glutamate,0.689996600151062,glutamate,Traced,Roughly traced
515293,acetylcholine,0.945281982421875,acetylcholine,Traced,Roughly traced
515338,glutamate,0.6608321070671082,glutamate,Traced,Roughly traced
515676,acetylcholine,0.9153326749801636,acetylcholine,Traced,Roughly traced
515735,acetylcholine,0.9629315733909607,acetylcholine,Traced,Roughly traced
515739,glutamate,0.7880216836929321,glutamate,Traced,Prelim Roughly traced
515809,glutamate,0.8367307186126709,glutamate,Traced,Roughly traced
515810,glutamate,0.832572340965271,glutamate,Traced,Roughly traced
515811,acetylcholine,0.9414069652557373,acetylcholine,Traced,Roughly traced
515842,gaba,0.8027589917182922,gaba,Traced,Roughly traced
515906,glutamate,0.8062810301780701,glutamate,Traced,Roughly traced
515912,acetylcholine,0.9499468803405762,acetylcholine,Traced,Roughly traced
515914,glutamate,0.7722169756889343,glutamate,Traced,Prelim Roughly traced
515977,acetylcholine,0.9298769235610962,acetylcholine,Traced,Roughly traced
516044,dopamine,0.8495358228683472,dopamine,Traced,Roughly traced
516110,gaba,0.668603777885437,gaba,Traced,Roughly traced
516167,acetylcholine,0.9157549142837524,acetylcholine,Traced,Roughly traced
516419,acetylcholine,0.9012239575386047,acetylcholine,Traced,Roughly traced
516504,acetylcholine,0.8504958748817444,acetylcholine,Traced,Prelim Roughly traced
516524,acetylcholine,0.9551364779472351,acetylcholine,Traced,Roughly traced
516622,glutamate,0.8403423428535461,glutamate,Traced,Roughly traced
516663,acetylcholine,0.680094838142395,acetylcholine,Traced,Roughly traced
516721,acetylcholine,0.8897130489349365,acetylcholine,Traced,Prelim Roughly traced
516944,gaba,0.7911621332168579,gaba,Traced,Prelim Roughly traced
516960,acetylcholine,0.9373273253440857,acetylcholine,Traced,Roughly traced
517050,unclear,0.38109466433525085,unclear,Traced,Roughly traced
517212,acetylcholine,0.8630610704421997,acetylcholine,Traced,Roughly traced
517337,acetylcholine,0.9551331400871277,acetylcholine,Traced,Roughly traced
517512,dopamine,0.6552850604057312,dopamine,Traced,Roughly traced
517726,glutamate,0.824429988861084,glutamate,Traced,Roughly traced
517763,octopamine,0.7557967305183411,octopamine,Traced,Roughly traced
517866,acetylcholine,0.8991777300834656,acetylcholine,Traced,Prelim Roughly traced
518013,glutamate,0.8147673010826111,glutamate,Traced,Roughly traced
518072,dopamine,0.8768649101257324,dopamine,Traced,Roughly traced
518137,dopamine,0.8932609558105469,dopamine,Traced,Roughly traced
518320,acetylcholine,0.9747326970100403,acetylcholine,Traced,Prelim Roughly traced
518333,dopamine,0.6885620951652527,acetylcholine,Traced,Roughly traced
518354,acetylcholine,0.9105688333511353,acetylcholine,Traced,Roughly traced
518488,glutamate,0.7058345675468445,glutamate,Traced,Roughly traced
518489,acetylcholine,0.9434033036231995,acetylcholine,Traced,Roughly traced
518490,glutamate,0.8198345303535461,glutamate,Traced,Roughly traced
518506,glutamate,0.5094095468521118,glutamate,Traced,Roughly traced
518554,dopamine,0.7370283007621765,acetylcholine,Traced,Prelim Roughly traced
518589,acetylcholine,0.9407899379730225,acetylcholine,Traced,Roughly traced
518644,glutamate,0.7552370429039001,glutamate,Traced,Roughly traced
518690,gaba,0.7439987659454346,gaba,Traced,Roughly traced
518707,glutamate,0.8292708992958069,glutamate,Traced,Prelim Roughly traced
518708,acetylcholine,0.865947961807251,acetylcholine,Traced,Prelim Roughly traced
518777,glutamate,0.7853690981864929,glutamate,Traced,Roughly traced
518889,acetylcholine,0.9172396063804626,acetylcholine,Traced,Roughly traced
518959,dopamine,0.7411645650863647,acetylcholine,Traced,Prelim Roughly traced
519129,acetylcholine,0.9479849934577942,acetylcholine,Traced,Roughly traced
519131,gaba,0.7012121677398682,gaba,Traced,Roughly traced
519132,acetylcholine,0.9088374376296997,acetylcholine,Traced,Roughly traced
519140,acetylcholine,0.8866580724716187,acetylcholine,Traced,Roughly traced
519230,gaba,0.818822979927063,gaba,Traced,Roughly traced
519263,gaba,0.8328415751457214,gaba,Traced,Roughly traced
519284,glutamate,0.8099826574325562,glutamate,Traced,Roughly traced
519296,acetylcholine,0.9379719495773315,acetylcholine,Traced,Roughly traced
519316,acetylcholine,0.7992830276489258,acetylcholine,Traced,Roughly traced
519325,glutamate,0.8065080642700195,glutamate,Traced,Roughly traced
519367,acetylcholine,0.9182633757591248,acetylcholine,Traced,Roughly traced
519368,acetylcholine,0.9290198087692261,acetylcholine,Traced,Roughly traced
519371,unclear,0.40295863151550293,glutamate,Traced,Roughly traced
519373,glutamate,0.7605884671211243,glutamate,Traced,Roughly traced
519398,acetylcholine,0.9617726802825928,acetylcholine,Traced,Roughly traced
519442,acetylcholine,0.93437260389328,acetylcholine,Traced,Prelim Roughly traced
519573,acetylcholine,0.932722806930542,acetylcholine,Traced,Roughly traced
519591,glutamate,0.7870804667472839,glutamate,Traced,Roughly traced
519592,gaba,0.828434407711029,gaba,Traced,Roughly traced
519619,acetylcholine,0.957796573638916,acetylcholine,Traced,Roughly traced
519716,acetylcholine,0.9115182757377625,acetylcholine,Traced,Roughly traced
519751,acetylcholine,0.7526612281799316,acetylcholine,Traced,Prelim Roughly traced
519753,gaba,0.8215100765228271,gaba,Traced,Roughly traced
519857,dopamine,0.7263152003288269,acetylcholine,Traced,Prelim Roughly traced
519866,serotonin,0.5507256984710693,unclear,Traced,Roughly traced
519890,acetylcholine,0.9639073014259338,acetylcholine,Traced,Roughly traced
519907,gaba,0.5598657131195068,gaba,Traced,Roughly traced
519926,acetylcholine,0.9490718841552734,acetylcholine,Traced,Roughly traced
519979,acetylcholine,0.943084716796875,acetylcholine,Traced,Roughly traced
520053,acetylcholine,0.9564238786697388,acetylcholine,Traced,Roughly traced
520146,dopamine,0.5412120819091797,dopamine,Traced,Roughly traced
520151,glutamate,0.7048690915107727,glutamate,Traced,Roughly traced
520154,gaba,0.7056377530097961,gaba,Traced,Roughly traced
520168,unclear,0.4257391095161438,unclear,Traced,Roughly traced
520169,unclear,0.48061898350715637,unclear,Traced,Roughly traced
520183,dopamine,0.7959463000297546,acetylcholine,Traced,Prelim Roughly traced
520197,glutamate,0.7487502694129944,glutamate,Traced,Roughly traced
520198,glutamate,0.7459677457809448,glutamate,Traced,Roughly traced
520204,dopamine,0.758868932723999,acetylcholine,Traced,Roughly traced
520205,glutamate,0.6738044619560242,glutamate,Traced,Prelim Roughly traced
520206,dopamine,0.6392287611961365,acetylcholine,Traced,Prelim Roughly traced
520232,glutamate,0.8046827912330627,glutamate,Traced,Roughly traced
520236,gaba,0.6602427959442139,gaba,Traced,Roughly traced
520379,acetylcholine,0.8899604082107544,acetylcholine,Traced,Roughly traced
520384,dopamine,0.9087199568748474,dopamine,Traced,Roughly traced
520393,gaba,0.7278313040733337,gaba,Traced,Roughly traced
520403,dopamine,0.9137559533119202,dopamine,Traced,Roughly traced
520468,serotonin,0.7602676153182983,serotonin,Traced,Roughly traced
520472,glutamate,0.8143674731254578,glutamate,Traced,Roughly traced
520580,acetylcholine,0.8829813599586487,acetylcholine,Traced,Roughly traced
520616,dopamine,0.8965755701065063,dopamine,Traced,Roughly traced
520721,acetylcholine,0.9421271681785583,acetylcholine,Traced,Roughly traced
520723,acetylcholine,0.9500017762184143,acetylcholine,Traced,Prelim Roughly traced
520727,glutamate,0.7000529170036316,glutamate,Traced,Roughly traced
520773,glutamate,0.75638747215271,glutamate,Traced,Roughly traced
520775,acetylcholine,0.8549348711967468,acetylcholine,Traced,Prelim Roughly traced
520817,glutamate,0.630370020866394,glutamate,Traced,Roughly traced
520818,acetylcholine,0.8872126340866089,acetylcholine,Traced,Roughly traced
520820,acetylcholine,0.9399136900901794,acetylcholine,Traced,Roughly traced
520821,acetylcholine,0.9005955457687378,acetylcholine,Traced,Roughly traced
520822,acetylcholine,0.8852171301841736,acetylcholine,Traced,Prelim Roughly traced
520823,dopamine,0.7423689365386963,acetylcholine,Traced,Prelim Roughly traced
520825,acetylcholine,0.9135119318962097,acetylcholine,Traced,Roughly traced
520895,glutamate,0.8193446397781372,glutamate,Traced,Roughly traced
521028,acetylcholine,0.9439653754234314,acetylcholine,Traced,Roughly traced
521063,acetylcholine,0.8563405275344849,acetylcholine,Traced,Prelim Roughly traced
521074,acetylcholine,0.9048366546630859,acetylcholine,Traced,Roughly traced
521075,glutamate,0.738602340221405,glutamate,Traced,Roughly traced
521086,acetylcholine,0.9443129301071167,acetylcholine,Traced,Roughly traced
521087,acetylcholine,0.8898967504501343,acetylcholine,Traced,Prelim Roughly traced
521194,acetylcholine,0.9174613952636719,acetylcholine,Traced,Roughly traced
521196,glutamate,0.8346834778785706,glutamate,Traced,Prelim Roughly traced
521239,glutamate,0.7468900680541992,glutamate,Traced,Roughly traced
521292,serotonin,0.5693030953407288,unclear,Traced,Roughly traced
521311,unclear,0.4785514175891876,acetylcholine,Traced,Prelim Roughly traced
521312,acetylcholine,0.867750883102417,acetylcholine,Traced,Roughly traced
521336,acetylcholine,0.9144459366798401,acetylcholine,Traced,Prelim Roughly traced
521337,acetylcholine,0.8807651996612549,acetylcholine,Traced,Roughly traced
521351,gaba,0.6791191697120667,gaba,Traced,Roughly traced
521352,acetylcholine,0.9553732872009277,acetylcholine,Traced,Roughly traced
521375,glutamate,0.7488129138946533,glutamate,Traced,Roughly traced
521384,dopamine,0.7388441562652588,acetylcholine,Traced,Prelim Roughly traced
521526,glutamate,0.7734825611114502,glutamate,Traced,Roughly traced
521527,glutamate,0.5612221360206604,glutamate,Traced,Roughly traced
521528,gaba,0.7930279970169067,gaba,Traced,Prelim Roughly traced
521534,gaba,0.6787572503089905,gaba,Traced,Prelim Roughly traced
521535,gaba,0.7305011749267578,gaba,Traced,Prelim Roughly traced
521626,acetylcholine,0.9498201012611389,acetylcholine,Traced,Prelim Roughly traced
521635,acetylcholine,0.6889621615409851,acetylcholine,Traced,Roughly traced
521637,serotonin,0.5657331347465515,unclear,Traced,Roughly traced
521671,glutamate,0.7963648438453674,glutamate,Traced,Roughly traced
521679,glutamate,0.8355200886726379,glutamate,Traced,Roughly traced
521736,acetylcholine,0.8784549832344055,acetylcholine,Traced,Roughly traced
521781,dopamine,0.7599857449531555,acetylcholine,Traced,Prelim Roughly traced
521815,acetylcholine,0.944719672203064,acetylcholine,Traced,Roughly traced
521971,glutamate,0.7896409034729004,glutamate,Traced,Roughly traced
521972,glutamate,0.7133902907371521,glutamate,Traced,Roughly traced
521975,glutamate,0.8001869320869446,glutamate,Traced,Roughly traced
521981,glutamate,0.8248189091682434,glutamate,Traced,Roughly traced
522444,glutamate,0.7516584396362305,glutamate,Traced,Roughly traced
522448,acetylcholine,0.8918226957321167,acetylcholine,Traced,Roughly traced
522707,acetylcholine,0.8397682905197144,acetylcholine,Traced,Roughly traced
522745,gaba,0.8842207789421082,gaba,Traced,Roughly traced
522749,glutamate,0.7287420034408569,glutamate,Traced,Roughly traced
522789,serotonin,0.562160074710846,unclear,Traced,Roughly traced
522790,glutamate,0.648759126663208,glutamate,Traced,Roughly traced
522793,glutamate,0.7598855495452881,glutamate,Traced,Roughly traced
522806,gaba,0.8313260078430176,gaba,Traced,Roughly traced
522807,gaba,0.8526428937911987,gaba,Traced,Roughly traced
522824,glutamate,0.7387338876724243,glutamate,Traced,Roughly traced
522828,gaba,0.7817118763923645,gaba,Traced,Prelim Roughly traced
522838,acetylcholine,0.9392577409744263,acetylcholine,Traced,Roughly traced
522972,acetylcholine,0.7985309362411499,acetylcholine,Traced,Roughly traced
522983,glutamate,0.7952779531478882,glutamate,Traced,Roughly traced
522991,acetylcholine,0.7989333271980286,acetylcholine,Traced,Roughly traced
522993,serotonin,0.7953991293907166,unclear,Traced,Roughly traced
523035,gaba,0.7872945666313171,gaba,Traced,Prelim Roughly traced
523043,acetylcholine,0.9359725713729858,acetylcholine,Traced,Roughly traced
523044,acetylcholine,0.9689339995384216,acetylcholine,Traced,Roughly traced
523059,glutamate,0.7529608607292175,glutamate,Traced,Roughly traced
523060,gaba,0.7136886715888977,gaba,Traced,Roughly traced
523425,glutamate,0.6964198350906372,glutamate,Traced,Roughly traced
523553,dopamine,0.8884239792823792,dopamine,Traced,Roughly traced
523628,acetylcholine,0.9263567924499512,acetylcholine,Traced,Roughly traced
523630,dopamine,0.7555268406867981,acetylcholine,Traced,Prelim Roughly traced
523632,glutamate,0.7483832240104675,glutamate,Traced,Roughly traced
523636,gaba,0.8224512934684753,gaba,Traced,Roughly traced
523638,dopamine,0.9036556482315063,dopamine,Traced,Roughly traced
523715,acetylcholine,0.9222759008407593,acetylcholine,Traced,Roughly traced
523776,dopamine,0.5973500609397888,dopamine,Traced,Roughly traced
523791,dopamine,0.9066327214241028,dopamine,Traced,Roughly traced
523907,glutamate,0.7920938730239868,glutamate,Traced,Roughly traced
523926,acetylcholine,0.9466952085494995,acetylcholine,Traced,Roughly traced
523942,dopamine,0.9001525640487671,dopamine,Traced,Prelim Roughly traced
523987,acetylcholine,0.9475817680358887,acetylcholine,Traced,Roughly traced
524067,glutamate,0.6153183579444885,glutamate,Traced,Roughly traced
524069,dopamine,0.8058062195777893,dopamine,Traced,Prelim Roughly traced
524120,glutamate,0.8017688989639282,glutamate,Traced,Roughly traced
524170,acetylcholine,0.9556639194488525,acetylcholine,Traced,Roughly traced
524199,acetylcholine,0.7977588176727295,acetylcholine,Traced,Roughly traced
524215,gaba,0.7746286988258362,gaba,Traced,Roughly traced
524268,glutamate,0.7010478973388672,glutamate,Traced,Roughly traced
524504,glutamate,0.7255599498748779,glutamate,Traced,Roughly traced
524612,glutamate,0.8605753779411316,glutamate,Traced,Prelim Roughly traced
524641,acetylcholine,0.9356272220611572,acetylcholine,Traced,Roughly traced
524678,gaba,0.8147006630897522,gaba,Traced,Prelim Roughly traced
524741,acetylcholine,0.9049617648124695,acetylcholine,Traced,Roughly traced
524750,unclear,0.40686431527137756,unclear,Orphan,Orphan-artifact
524795,glutamate,0.7159730792045593,glutamate,Traced,Roughly traced
524809,dopamine,0.7227330803871155,acetylcholine,Traced,Prelim Roughly traced
524949,glutamate,0.859017550945282,glutamate,Traced,Roughly traced
524968,serotonin,0.5798530578613281,unclear,Traced,Roughly traced
525010,acetylcholine,0.9443288445472717,acetylcholine,Traced,Prelim Roughly traced
525013,acetylcholine,0.8270241022109985,acetylcholine,Traced,Roughly traced
525061,serotonin,0.8194711804389954,unclear,Traced,Roughly traced
525063,glutamate,0.6859161257743835,glutamate,Traced,Roughly traced
525066,glutamate,0.7568931579589844,glutamate,Traced,Prelim Roughly traced
525069,acetylcholine,0.9257606267929077,acetylcholine,Traced,Roughly traced
525364,glutamate,0.6598034501075745,glutamate,Traced,Prelim Roughly traced
525391,acetylcholine,0.8857700824737549,acetylcholine,Traced,Roughly traced
525393,glutamate,0.7529023289680481,glutamate,Traced,Roughly traced
525448,glutamate,0.7814083695411682,glutamate,Traced,Roughly traced
525615,acetylcholine,0.9499949216842651,acetylcholine,Traced,Roughly traced
525662,dopamine,0.6023154854774475,acetylcholine,Traced,Prelim Roughly traced
525777,glutamate,0.7930861115455627,glutamate,Traced,Roughly traced
525780,glutamate,0.7343107461929321,glutamate,Traced,Roughly traced
525787,dopamine,0.8743109703063965,dopamine,Traced,Roughly traced
525898,glutamate,0.7513521909713745,glutamate,Traced,Roughly traced
526085,unclear,0.474081814289093,unclear,Traced,Roughly traced
526285,glutamate,0.5497906804084778,glutamate,Traced,Prelim Roughly traced
526311,gaba,0.6707140803337097,gaba,Traced,Roughly traced
526526,acetylcholine,0.8800838589668274,acetylcholine,Traced,Roughly traced
526720,dopamine,0.7087293863296509,acetylcholine,Traced,Roughly traced
526724,dopamine,0.6567281484603882,acetylcholine,Traced,Roughly traced
526823,acetylcholine,0.8990312814712524,acetylcholine,Traced,Prelim Roughly traced
526837,glutamate,0.750374972820282,glutamate,Traced,Roughly traced
526857,acetylcholine,0.9644569754600525,acetylcholine,Traced,Prelim Roughly traced
526918,acetylcholine,0.9423943161964417,acetylcholine,Traced,Roughly traced
526973,acetylcholine,0.9527001976966858,acetylcholine,Traced,Roughly traced
527048,unclear,0.431991308927536,acetylcholine,Traced,Roughly traced
527209,dopamine,0.7616574764251709,acetylcholine,Traced,Prelim Roughly traced
527211,dopamine,0.808762788772583,acetylcholine,Traced,Prelim Roughly traced
527254,glutamate,0.8281083106994629,glutamate,Traced,Prelim Roughly traced
527297,gaba,0.7767115235328674,gaba,Traced,Prelim Roughly traced
527320,gaba,0.7749778628349304,gaba,Traced,Roughly traced
527327,gaba,0.6001066565513611,gaba,Traced,Roughly traced
527331,glutamate,0.7962859272956848,glutamate,Traced,Roughly traced
527475,serotonin,0.5215306878089905,unclear,Traced,Roughly traced
527653,gaba,0.864590585231781,gaba,Traced,Prelim Roughly traced
528100,dopamine,0.8681005239486694,dopamine,Traced,Roughly traced
529002,acetylcholine,0.9170125722885132,acetylcholine,Traced,Roughly traced
529038,acetylcholine,0.8228992819786072,acetylcholine,Traced,Prelim Roughly traced
529039,dopamine,0.768433690071106,acetylcholine,Traced,Prelim Roughly traced
529041,dopamine,0.8003962635993958,acetylcholine,Traced,Prelim Roughly traced
529129,glutamate,0.7569563388824463,glutamate,Traced,Roughly traced
529153,acetylcholine,0.9559187293052673,acetylcholine,Traced,Roughly traced
529282,acetylcholine,0.9299813508987427,acetylcholine,Traced,Prelim Roughly traced
529424,glutamate,0.6349270939826965,glutamate,Traced,Roughly traced
529491,glutamate,0.8295168280601501,glutamate,Traced,Roughly traced
529500,gaba,0.8343011736869812,gaba,Traced,Prelim Roughly traced
529512,dopamine,0.807416558265686,dopamine,Traced,Roughly traced
529515,acetylcholine,0.9112961888313293,acetylcholine,Traced,Roughly traced
529516,dopamine,0.8070244193077087,dopamine,Traced,Roughly traced
529519,acetylcholine,0.9629966616630554,acetylcholine,Traced,Roughly traced
529549,acetylcholine,0.9371294379234314,acetylcholine,Traced,Roughly traced
529641,acetylcholine,0.9497498273849487,acetylcholine,Traced,Roughly traced
529681,glutamate,0.8317171335220337,glutamate,Traced,Roughly traced
529754,glutamate,0.813983142375946,glutamate,Traced,Roughly traced
529839,gaba,0.704764723777771,gaba,Traced,Prelim Roughly traced
529863,acetylcholine,0.8955236077308655,acetylcholine,Traced,Roughly traced
529997,acetylcholine,0.9347386956214905,acetylcholine,Traced,Roughly traced
530060,gaba,0.8151877522468567,gaba,Traced,Roughly traced
530148,acetylcholine,0.9140973687171936,acetylcholine,Traced,Roughly traced
530191,acetylcholine,0.9199456572532654,acetylcholine,Traced,Roughly traced
530310,glutamate,0.736605167388916,glutamate,Traced,Prelim Roughly traced
530448,acetylcholine,0.8958923816680908,acetylcholine,Traced,Roughly traced
530449,acetylcholine,0.7586004734039307,acetylcholine,Traced,Roughly traced
530798,glutamate,0.7519909739494324,glutamate,Traced,Roughly traced
530799,glutamate,0.763418972492218,glutamate,Traced,Roughly traced
530800,acetylcholine,0.8197801113128662,acetylcholine,Traced,Prelim Roughly traced
530872,acetylcholine,0.9507691860198975,acetylcholine,Traced,Prelim Roughly traced
530874,acetylcholine,0.949513852596283,acetylcholine,Traced,Roughly traced
530875,glutamate,0.7116118669509888,glutamate,Traced,Roughly traced
530878,acetylcholine,0.9525575041770935,acetylcholine,Traced,Prelim Roughly traced
530880,unclear,0.49218371510505676,acetylcholine,Traced,Roughly traced
530997,acetylcholine,0.9296990036964417,acetylcholine,Traced,Prelim Roughly traced
531009,acetylcholine,0.7834866046905518,acetylcholine,Traced,Roughly traced
531133,serotonin,0.5498671531677246,unclear,Traced,Roughly traced
531419,acetylcholine,0.843410074710846,acetylcholine,Traced,Roughly traced
531558,acetylcholine,0.9054098725318909,acetylcholine,Traced,Roughly traced
531666,gaba,0.7982394695281982,gaba,Traced,Prelim Roughly traced
531708,glutamate,0.7185600996017456,glutamate,Traced,Roughly traced
531755,serotonin,0.5216125845909119,unclear,Traced,Roughly traced
531867,glutamate,0.8410488963127136,glutamate,Traced,Roughly traced
531984,glutamate,0.8517692685127258,glutamate,Traced,Roughly traced
531985,glutamate,0.6049111485481262,glutamate,Traced,Roughly traced
532010,serotonin,0.7386773824691772,unclear,Traced,Roughly traced
532011,acetylcholine,0.9337873458862305,acetylcholine,Traced,Roughly traced
532055,acetylcholine,0.8674080967903137,acetylcholine,Traced,Roughly traced
532056,glutamate,0.8042210936546326,glutamate,Traced,Roughly traced
532080,acetylcholine,0.9280931949615479,acetylcholine,Traced,Prelim Roughly traced
532287,dopamine,0.7926270365715027,acetylcholine,Traced,Roughly traced
532290,dopamine,0.7571353912353516,acetylcholine,Traced,Prelim Roughly traced
532571,glutamate,0.8438157439231873,glutamate,Traced,Roughly traced
532712,glutamate,0.7282965183258057,glutamate,Traced,Roughly traced
532715,dopamine,0.8800481557846069,dopamine,Traced,Roughly traced
532920,gaba,0.6999525427818298,gaba,Traced,Roughly traced
533081,dopamine,0.8011308908462524,acetylcholine,Traced,Prelim Roughly traced
533103,dopamine,0.5799884796142578,dopamine,Traced,Roughly traced
533109,acetylcholine,0.8638835549354553,acetylcholine,Traced,Roughly traced
533123,glutamate,0.5759952068328857,glutamate,Traced,Roughly traced
533155,glutamate,0.8585422039031982,glutamate,Traced,Roughly traced
533201,dopamine,0.7403082251548767,acetylcholine,Traced,Prelim Roughly traced
533211,dopamine,0.7542920708656311,acetylcholine,Traced,Roughly traced
533223,glutamate,0.7207220196723938,glutamate,Traced,Prelim Roughly traced
533294,dopamine,0.9177308678627014,dopamine,Traced,Roughly traced
533345,dopamine,0.8050969839096069,acetylcholine,Traced,Roughly traced
533346,dopamine,0.698749303817749,acetylcholine,Traced,Prelim Roughly traced
533411,acetylcholine,0.9330005049705505,acetylcholine,Traced,Roughly traced
533483,acetylcholine,0.9564388990402222,acetylcholine,Traced,Prelim Roughly traced
533735,acetylcholine,0.9164814352989197,acetylcholine,Traced,Prelim Roughly traced
533736,acetylcholine,0.9151005148887634,acetylcholine,Traced,Prelim Roughly traced
533955,acetylcholine,0.9199790954589844,acetylcholine,Traced,Roughly traced
534170,glutamate,0.7675697803497314,glutamate,Traced,Prelim Roughly traced
534301,gaba,0.6620827913284302,gaba,Traced,Roughly traced
534420,gaba,0.8407779335975647,gaba,Traced,Roughly traced
534428,dopamine,0.7365110516548157,acetylcholine,Traced,Prelim Roughly traced
534983,dopamine,0.7453083992004395,acetylcholine,Traced,Prelim Roughly traced
535053,glutamate,0.6262208819389343,glutamate,Traced,Prelim Roughly traced
535065,gaba,0.5781407952308655,gaba,Traced,Roughly traced
535076,gaba,0.7147055268287659,gaba,Traced,Prelim Roughly traced
535603,acetylcholine,0.7550916075706482,acetylcholine,Traced,Roughly traced
535720,dopamine,0.792472779750824,acetylcholine,Traced,Roughly traced
536050,gaba,0.8230105638504028,gaba,Traced,Roughly traced
536054,gaba,0.7221783399581909,gaba,Traced,Roughly traced
536207,acetylcholine,0.931214451789856,acetylcholine,Traced,Prelim Roughly traced
536208,unclear,0.41812607645988464,dopamine,Traced,Roughly traced
536289,dopamine,0.7924098968505859,acetylcholine,Traced,Prelim Roughly traced
536292,dopamine,0.750146210193634,acetylcholine,Traced,Prelim Roughly traced
536363,dopamine,0.8169383406639099,acetylcholine,Traced,Roughly traced
536441,glutamate,0.7844769358634949,glutamate,Traced,Roughly traced
536443,glutamate,0.7641704678535461,glutamate,Traced,Roughly traced
537061,dopamine,0.8137825131416321,acetylcholine,Traced,Prelim Roughly traced
537082,dopamine,0.7088980078697205,acetylcholine,Traced,Prelim Roughly traced
537383,glutamate,0.6944165229797363,glutamate,Traced,Roughly traced
537652,dopamine,0.7676516771316528,acetylcholine,Traced,Prelim Roughly traced
537659,glutamate,0.8567278981208801,glutamate,Traced,Roughly traced
539151,acetylcholine,0.9619888663291931,acetylcholine,Traced,Roughly traced
539249,dopamine,0.7851817607879639,acetylcholine,Traced,Prelim Roughly traced
539367,dopamine,0.7029683589935303,acetylcholine,Traced,Roughly traced
539381,dopamine,0.7701290845870972,acetylcholine,Traced,Roughly traced
539448,acetylcholine,0.7637425065040588,acetylcholine,Traced,Roughly traced
539884,acetylcholine,0.9458112120628357,acetylcholine,Traced,Roughly traced
540249,acetylcholine,0.9214856624603271,acetylcholine,Traced,Roughly traced
540276,glutamate,0.8074608445167542,glutamate,Traced,Prelim Roughly traced
540383,gaba,0.8276323080062866,gaba,Traced,Roughly traced
541481,glutamate,0.8167409300804138,glutamate,Traced,Prelim Roughly traced
541882,dopamine,0.6419629454612732,acetylcholine,Traced,Roughly traced
542101,dopamine,0.7555885314941406,acetylcholine,Traced,Roughly traced
542106,dopamine,0.7003049254417419,acetylcholine,Traced,Roughly traced
543403,acetylcholine,0.871046781539917,acetylcholine,Traced,Roughly traced
543428,acetylcholine,0.888096034526825,acetylcholine,Traced,Prelim Roughly traced
543472,glutamate,0.7027944922447205,glutamate,Traced,Prelim Roughly traced
543506,acetylcholine,0.8716071248054504,acetylcholine,Traced,Roughly traced
543628,acetylcholine,0.9058916568756104,acetylcholine,Traced,Roughly traced
543677,dopamine,0.9169150590896606,dopamine,Traced,Roughly traced
543682,dopamine,0.7557123303413391,acetylcholine,Traced,Prelim Roughly traced
543987,glutamate,0.7464423179626465,glutamate,Traced,Roughly traced
544257,dopamine,0.9113790988922119,dopamine,Traced,Roughly traced
544359,dopamine,0.9060683846473694,dopamine,Traced,Roughly traced
544476,dopamine,0.7230571508407593,acetylcholine,Traced,Prelim Roughly traced
544770,dopamine,0.9163495302200317,dopamine,Traced,Roughly traced
545066,dopamine,0.695655107498169,acetylcholine,Traced,Prelim Roughly traced
545597,dopamine,0.6972968578338623,acetylcholine,Traced,Roughly traced
545611,gaba,0.7279265522956848,gaba,Traced,Roughly traced
545809,dopamine,0.7326818108558655,acetylcholine,Traced,Roughly traced
546002,gaba,0.5384348034858704,gaba,Traced,Prelim Roughly traced
546905,dopamine,0.7107114791870117,acetylcholine,Traced,Roughly traced
547260,dopamine,0.9108785390853882,dopamine,Traced,Roughly traced
547275,dopamine,0.7719194293022156,acetylcholine,Traced,Prelim Roughly traced
547293,dopamine,0.6822015047073364,acetylcholine,Traced,Roughly traced
547298,acetylcholine,0.6827178001403809,acetylcholine,Traced,Roughly traced
547586,dopamine,0.707594633102417,acetylcholine,Traced,Prelim Roughly traced
548138,gaba,0.7884113192558289,gaba,Traced,Roughly traced
548428,glutamate,0.7803213596343994,glutamate,Traced,Prelim Roughly traced
548654,dopamine,0.7481030225753784,acetylcholine,Traced,Roughly traced
549193,gaba,0.7582216262817383,gaba,Traced,Prelim Roughly traced
549208,acetylcholine,0.8839912414550781,acetylcholine,Traced,Roughly traced
549344,dopamine,0.7893198132514954,acetylcholine,Traced,Roughly traced
550362,dopamine,0.7431766986846924,acetylcholine,Traced,Prelim Roughly traced
550403,dopamine,0.7668803930282593,acetylcholine,Traced,Prelim Roughly traced
550598,dopamine,0.7973639965057373,acetylcholine,Traced,Prelim Roughly traced
550753,dopamine,0.6506342887878418,acetylcholine,Traced,Prelim Roughly traced
550775,dopamine,0.7021084427833557,acetylcholine,Traced,Prelim Roughly traced
550868,dopamine,0.7602739930152893,acetylcholine,Traced,Prelim Roughly traced
550950,dopamine,0.7991406321525574,acetylcholine,Traced,Prelim Roughly traced
551434,dopamine,0.716148316860199,acetylcholine,Traced,Roughly traced
551436,dopamine,0.7152735590934753,acetylcholine,Traced,Roughly traced
551561,dopamine,0.781799852848053,acetylcholine,Traced,Prelim Roughly traced
552080,dopamine,0.7443872690200806,acetylcholine,Traced,Roughly traced
552362,dopamine,0.9093946814537048,dopamine,Traced,Prelim Roughly traced
552553,dopamine,0.627365231513977,acetylcholine,Traced,Prelim Roughly traced
552693,dopamine,0.7124330401420593,acetylcholine,Traced,Prelim Roughly traced
552867,dopamine,0.7682309150695801,acetylcholine,Traced,Prelim Roughly traced
553201,dopamine,0.7401404976844788,dopamine,Traced,Roughly traced
553387,acetylcholine,0.8988030552864075,acetylcholine,Traced,Prelim Roughly traced
553756,dopamine,0.6687371730804443,acetylcholine,Traced,Roughly traced
554008,glutamate,0.6773573160171509,glutamate,Traced,Roughly traced
555772,acetylcholine,0.8585453629493713,acetylcholine,Traced,Prelim Roughly traced
555803,acetylcholine,0.9628070592880249,acetylcholine,Traced,Roughly traced
556300,glutamate,0.8114421963691711,glutamate,Traced,Prelim Roughly traced
556502,unclear,0.46488845348358154,gaba,Traced,Roughly traced
557192,acetylcholine,0.9591063857078552,acetylcholine,Traced,Roughly traced
557380,acetylcholine,0.6738667488098145,acetylcholine,Traced,Roughly traced
557836,acetylcholine,0.8873413801193237,acetylcholine,Traced,Prelim Roughly traced
557988,acetylcholine,0.9516688585281372,acetylcholine,Traced,Roughly traced
558460,acetylcholine,0.9615219235420227,acetylcholine,Traced,Roughly traced
558665,gaba,0.7608933448791504,gaba,Traced,Roughly traced
558869,gaba,0.7247252464294434,gaba,Traced,Roughly traced
559410,acetylcholine,0.9587424993515015,acetylcholine,Traced,Prelim Roughly traced
559532,acetylcholine,0.9379074573516846,acetylcholine,Traced,Roughly traced
560878,glutamate,0.8085405230522156,glutamate,Traced,Roughly traced
561487,glutamate,0.8590174317359924,glutamate,Traced,Prelim Roughly traced
562782,acetylcholine,0.9406164288520813,acetylcholine,Traced,Roughly traced
562916,dopamine,0.63081955909729,acetylcholine,Traced,Roughly traced
564952,dopamine,0.6670586466789246,acetylcholine,Traced,Prelim Roughly traced
566092,dopamine,0.8012217879295349,acetylcholine,Traced,Prelim Roughly traced
567039,glutamate,0.6910771727561951,glutamate,Traced,Roughly traced
567409,dopamine,0.9001802802085876,dopamine,Traced,Roughly traced
567586,dopamine,0.6978675127029419,acetylcholine,Traced,Roughly traced
568116,glutamate,0.7606181502342224,glutamate,Traced,Prelim Roughly traced
568502,gaba,0.7667418122291565,gaba,Traced,Prelim Roughly traced
569213,dopamine,0.715996503829956,acetylcholine,Traced,Roughly traced
569417,dopamine,0.7270935773849487,acetylcholine,Traced,Prelim Roughly traced
569687,acetylcholine,0.9343790411949158,acetylcholine,Traced,Prelim Roughly traced
569848,acetylcholine,0.9162078499794006,acetylcholine,Traced,Roughly traced
570381,acetylcholine,0.9420822262763977,acetylcholine,Traced,Roughly traced
570938,dopamine,0.7642909288406372,acetylcholine,Traced,Prelim Roughly traced
571508,glutamate,0.8204502463340759,glutamate,Traced,Prelim Roughly traced
573391,unclear,0.8843966126441956,unclear,Orphan,Orphan
575249,dopamine,0.6758297085762024,acetylcholine,Traced,Roughly traced
575260,dopamine,0.6625980734825134,acetylcholine,Traced,Prelim Roughly traced
575726,acetylcholine,0.9675628542900085,acetylcholine,Traced,Roughly traced
577209,unclear,0.9219732880592346,unclear,Orphan,Orphan
577933,dopamine,0.9117262959480286,dopamine,Traced,Roughly traced
578554,gaba,0.7734140157699585,gaba,Traced,Prelim Roughly traced
579647,acetylcholine,0.8971973061561584,acetylcholine,Traced,Roughly traced
579919,gaba,0.774222195148468,gaba,Traced,Roughly traced
580150,gaba,0.8806602358818054,gaba,Traced,Roughly traced
580579,dopamine,0.9060748815536499,dopamine,Traced,Roughly traced
580889,glutamate,0.6348965167999268,glutamate,Traced,Prelim Roughly traced
581022,unclear,0.9219732880592346,unclear,Traced,Prelim Roughly traced
581422,glutamate,0.6555877923965454,glutamate,Traced,Roughly traced
583851,dopamine,0.7240893840789795,acetylcholine,Traced,Roughly traced
588507,glutamate,0.665469229221344,glutamate,Traced,Prelim Roughly traced
739865,acetylcholine,0.9375500679016113,acetylcholine,Traced,Prelim Roughly traced
810722,unclear,0.4482978582382202,acetylcholine,Traced,Prelim Roughly traced
900744,glutamate,0.6736895442008972,glutamate,Traced,Roughly traced
905600,glutamate,0.7838512659072876,glutamate,Traced,Roughly traced
909818,dopamine,0.9096576571464539,dopamine,Traced,Roughly traced
915560,glutamate,0.5997342467308044,glutamate,Traced,Roughly traced
915916,glutamate,0.7652946710586548,glutamate,Traced,Prelim Roughly traced
916091,acetylcholine,0.8886418342590332,acetylcholine,Traced,Roughly traced
916640,glutamate,0.796448826789856,glutamate,Traced,Prelim Roughly traced
917117,unclear,0.8289508819580078,unclear,Orphan,Orphan
918516,dopamine,0.8164079785346985,acetylcholine,Traced,Prelim Roughly traced
920537,dopamine,0.8794596791267395,dopamine,Traced,Roughly traced
921942,unclear,0.7455702424049377,unclear,Orphan,Orphan
922200,unclear,0.4721148908138275,unclear,Anchor,Anchor
923406,dopamine,0.7694331407546997,acetylcholine,Traced,Prelim Roughly traced
933708,dopamine,0.8923322558403015,dopamine,Traced,Roughly traced
943004,glutamate,0.8420132398605347,glutamate,Orphan,Orphan
944604,acetylcholine,0.8569000959396362,acetylcholine,Traced,Prelim Roughly traced
945247,unclear,0.6394334435462952,unclear,,
946152,dopamine,0.771413266658783,acetylcholine,Traced,Prelim Roughly traced
953182,unclear,0.899519681930542,unclear,Orphan,Orphan
953507,acetylcholine,0.9223586916923523,acetylcholine,Traced,Reviewed
953555,acetylcholine,0.9359989166259766,acetylcholine,Orphan,Orphan
158122602,unclear,0.9109141230583191,unclear,Orphan,Orphan
277730521,unclear,0.9219732880592346,unclear,Orphan,Orphan
318400350,unclear,0.4975936710834503,unclear,Orphan,Orphan
357776305,unclear,0.8738498091697693,unclear,Orphan,Orphan
392108900,unclear,0.6379867792129517,unclear,Orphan,Orphan
406529487,unclear,0.9219732880592346,unclear,Orphan,Orphan
416711044,unclear,0.9219732880592346,unclear,Orphan,Orphan
441191600,unclear,0.6202011108398438,unclear,Orphan,Orphan
715312637,glutamate,0.6695480346679688,glutamate,Traced,Roughly traced
716595137,unclear,0.8304638266563416,unclear,Orphan,Orphan
784122110,unclear,0.9219732880592346,unclear,Orphan,Orphan
838491295,unclear,0.859515368938446,unclear,Orphan,Orphan
848986894,unclear,0.9219732880592346,unclear,Orphan,Orphan
985545304,unclear,0.9219732880592346,unclear,Orphan,Orphan
